timestamp,node_id,region,download_utilization_pct,upload_utilization_pct,capacity_mbps,status
2026-06-01 00:00:00,PHL-001,Philadelphia,49.12,17.56,1000,normal
2026-06-01 00:00:00,PHL-002,Philadelphia,50.2,20.93,1000,normal
2026-06-01 00:00:00,PHL-003,Philadelphia,58.42,32.31,1000,normal
2026-06-01 00:00:00,PHL-004,Philadelphia,63.14,23.75,1000,normal
2026-06-01 00:00:00,NYC-001,New York,61.53,22.09,1000,normal
2026-06-01 00:00:00,NYC-002,New York,47.75,23.95,1000,normal
2026-06-01 00:00:00,NYC-003,New York,64.27,26.33,1000,normal
2026-06-01 00:00:00,CHI-001,Chicago,46.2,23.72,1000,normal
2026-06-01 00:00:00,CHI-002,Chicago,53.32,28.09,1000,normal
2026-06-01 00:00:00,CHI-003,Chicago,67.86,23.88,1000,normal
2026-06-01 01:00:00,PHL-001,Philadelphia,50.45,28.22,1000,normal
2026-06-01 01:00:00,PHL-002,Philadelphia,50.72,20.12,1000,normal
2026-06-01 01:00:00,PHL-003,Philadelphia,59.74,26.94,1000,normal
2026-06-01 01:00:00,PHL-004,Philadelphia,56.74,21.51,1000,normal
2026-06-01 01:00:00,NYC-001,New York,64.08,34.03,1000,normal
2026-06-01 01:00:00,NYC-002,New York,52.46,29.85,1000,normal
2026-06-01 01:00:00,NYC-003,New York,69.36,44.52,1000,normal
2026-06-01 01:00:00,CHI-001,Chicago,44.03,22.7,1000,normal
2026-06-01 01:00:00,CHI-002,Chicago,56.98,30.52,1000,normal
2026-06-01 01:00:00,CHI-003,Chicago,68.17,35.67,1000,normal
2026-06-01 02:00:00,PHL-001,Philadelphia,49.64,18.06,1000,normal
2026-06-01 02:00:00,PHL-002,Philadelphia,49.82,21.76,1000,normal
2026-06-01 02:00:00,PHL-003,Philadelphia,54.48,22.87,1000,normal
2026-06-01 02:00:00,PHL-004,Philadelphia,56.81,24.62,1000,normal
2026-06-01 02:00:00,NYC-001,New York,62.81,28.86,1000,normal
2026-06-01 02:00:00,NYC-002,New York,48.96,20.21,1000,normal
2026-06-01 02:00:00,NYC-003,New York,66.67,42.07,1000,normal
2026-06-01 02:00:00,CHI-001,Chicago,46.18,24.6,1000,normal
2026-06-01 02:00:00,CHI-002,Chicago,53.03,30.16,1000,normal
2026-06-01 02:00:00,CHI-003,Chicago,63.98,29.68,1000,normal
2026-06-01 03:00:00,PHL-001,Philadelphia,51.92,28.14,1000,normal
2026-06-01 03:00:00,PHL-002,Philadelphia,52.46,29.14,1000,normal
2026-06-01 03:00:00,PHL-003,Philadelphia,59.06,34.42,1000,normal
2026-06-01 03:00:00,PHL-004,Philadelphia,57.83,20.8,1000,normal
2026-06-01 03:00:00,NYC-001,New York,60.89,26.2,1000,normal
2026-06-01 03:00:00,NYC-002,New York,47.69,30.18,1000,normal
2026-06-01 03:00:00,NYC-003,New York,72.76,32.33,1000,warning
2026-06-01 03:00:00,CHI-001,Chicago,46.24,21.67,1000,normal
2026-06-01 03:00:00,CHI-002,Chicago,57.49,28.04,1000,normal
2026-06-01 03:00:00,CHI-003,Chicago,64.59,27.39,1000,normal
2026-06-01 04:00:00,PHL-001,Philadelphia,48.49,20.79,1000,normal
2026-06-01 04:00:00,PHL-002,Philadelphia,52.68,32.63,1000,normal
2026-06-01 04:00:00,PHL-003,Philadelphia,56.4,23.45,1000,normal
2026-06-01 04:00:00,PHL-004,Philadelphia,63.98,32.17,1000,normal
2026-06-01 04:00:00,NYC-001,New York,59.55,21.68,1000,normal
2026-06-01 04:00:00,NYC-002,New York,46.88,25.23,1000,normal
2026-06-01 04:00:00,NYC-003,New York,71.92,34.28,1000,warning
2026-06-01 04:00:00,CHI-001,Chicago,41.51,19.28,1000,normal
2026-06-01 04:00:00,CHI-002,Chicago,57.98,29.5,1000,normal
2026-06-01 04:00:00,CHI-003,Chicago,68.83,41.86,1000,normal
2026-06-01 05:00:00,PHL-001,Philadelphia,44.09,24.96,1000,normal
2026-06-01 05:00:00,PHL-002,Philadelphia,53.45,27.32,1000,normal
2026-06-01 05:00:00,PHL-003,Philadelphia,55.6,30.15,1000,normal
2026-06-01 05:00:00,PHL-004,Philadelphia,56.89,27.33,1000,normal
2026-06-01 05:00:00,NYC-001,New York,61.72,39.26,1000,normal
2026-06-01 05:00:00,NYC-002,New York,53.01,22.74,1000,normal
2026-06-01 05:00:00,NYC-003,New York,69.01,27.85,1000,normal
2026-06-01 05:00:00,CHI-001,Chicago,48.3,29.52,1000,normal
2026-06-01 05:00:00,CHI-002,Chicago,53.79,29.14,1000,normal
2026-06-01 05:00:00,CHI-003,Chicago,66.65,26.38,1000,normal
2026-06-01 06:00:00,PHL-001,Philadelphia,55.1,28.2,1000,normal
2026-06-01 06:00:00,PHL-002,Philadelphia,59.23,30.15,1000,normal
2026-06-01 06:00:00,PHL-003,Philadelphia,59.0,26.39,1000,normal
2026-06-01 06:00:00,PHL-004,Philadelphia,61.16,38.45,1000,normal
2026-06-01 06:00:00,NYC-001,New York,69.27,41.53,1000,normal
2026-06-01 06:00:00,NYC-002,New York,53.46,19.64,1000,normal
2026-06-01 06:00:00,NYC-003,New York,77.78,49.32,1000,warning
2026-06-01 06:00:00,CHI-001,Chicago,46.69,23.15,1000,normal
2026-06-01 06:00:00,CHI-002,Chicago,57.42,33.2,1000,normal
2026-06-01 06:00:00,CHI-003,Chicago,72.6,28.21,1000,warning
2026-06-01 07:00:00,PHL-001,Philadelphia,52.8,27.19,1000,normal
2026-06-01 07:00:00,PHL-002,Philadelphia,55.12,33.72,1000,normal
2026-06-01 07:00:00,PHL-003,Philadelphia,61.54,25.45,1000,normal
2026-06-01 07:00:00,PHL-004,Philadelphia,65.31,37.16,1000,normal
2026-06-01 07:00:00,NYC-001,New York,65.21,28.92,1000,normal
2026-06-01 07:00:00,NYC-002,New York,58.96,32.13,1000,normal
2026-06-01 07:00:00,NYC-003,New York,73.38,37.08,1000,warning
2026-06-01 07:00:00,CHI-001,Chicago,46.97,19.61,1000,normal
2026-06-01 07:00:00,CHI-002,Chicago,59.03,31.08,1000,normal
2026-06-01 07:00:00,CHI-003,Chicago,69.38,28.87,1000,normal
2026-06-01 08:00:00,PHL-001,Philadelphia,49.57,26.73,1000,normal
2026-06-01 08:00:00,PHL-002,Philadelphia,54.83,34.08,1000,normal
2026-06-01 08:00:00,PHL-003,Philadelphia,64.16,23.82,1000,normal
2026-06-01 08:00:00,PHL-004,Philadelphia,62.9,34.64,1000,normal
2026-06-01 08:00:00,NYC-001,New York,65.29,25.44,1000,normal
2026-06-01 08:00:00,NYC-002,New York,58.48,30.49,1000,normal
2026-06-01 08:00:00,NYC-003,New York,73.73,43.16,1000,warning
2026-06-01 08:00:00,CHI-001,Chicago,52.46,21.36,1000,normal
2026-06-01 08:00:00,CHI-002,Chicago,57.58,27.6,1000,normal
2026-06-01 08:00:00,CHI-003,Chicago,70.54,34.57,1000,warning
2026-06-01 09:00:00,PHL-001,Philadelphia,54.83,30.27,1000,normal
2026-06-01 09:00:00,PHL-002,Philadelphia,60.87,23.1,1000,normal
2026-06-01 09:00:00,PHL-003,Philadelphia,61.42,27.75,1000,normal
2026-06-01 09:00:00,PHL-004,Philadelphia,67.89,28.83,1000,normal
2026-06-01 09:00:00,NYC-001,New York,65.14,31.57,1000,normal
2026-06-01 09:00:00,NYC-002,New York,54.38,23.58,1000,normal
2026-06-01 09:00:00,NYC-003,New York,71.5,44.83,1000,warning
2026-06-01 09:00:00,CHI-001,Chicago,49.55,30.15,1000,normal
2026-06-01 09:00:00,CHI-002,Chicago,60.3,22.02,1000,normal
2026-06-01 09:00:00,CHI-003,Chicago,74.0,44.46,1000,warning
2026-06-01 10:00:00,PHL-001,Philadelphia,56.75,35.63,1000,normal
2026-06-01 10:00:00,PHL-002,Philadelphia,59.79,23.91,1000,normal
2026-06-01 10:00:00,PHL-003,Philadelphia,61.91,25.64,1000,normal
2026-06-01 10:00:00,PHL-004,Philadelphia,64.21,23.6,1000,normal
2026-06-01 10:00:00,NYC-001,New York,66.27,42.78,1000,normal
2026-06-01 10:00:00,NYC-002,New York,53.12,31.09,1000,normal
2026-06-01 10:00:00,NYC-003,New York,73.55,35.08,1000,warning
2026-06-01 10:00:00,CHI-001,Chicago,53.66,34.81,1000,normal
2026-06-01 10:00:00,CHI-002,Chicago,60.33,34.12,1000,normal
2026-06-01 10:00:00,CHI-003,Chicago,68.93,30.26,1000,normal
2026-06-01 11:00:00,PHL-001,Philadelphia,56.75,29.72,1000,normal
2026-06-01 11:00:00,PHL-002,Philadelphia,57.34,32.94,1000,normal
2026-06-01 11:00:00,PHL-003,Philadelphia,59.34,31.17,1000,normal
2026-06-01 11:00:00,PHL-004,Philadelphia,65.02,39.39,1000,normal
2026-06-01 11:00:00,NYC-001,New York,64.94,41.45,1000,normal
2026-06-01 11:00:00,NYC-002,New York,51.64,20.95,1000,normal
2026-06-01 11:00:00,NYC-003,New York,74.95,41.41,1000,warning
2026-06-01 11:00:00,CHI-001,Chicago,47.88,18.48,1000,normal
2026-06-01 11:00:00,CHI-002,Chicago,62.34,26.42,1000,normal
2026-06-01 11:00:00,CHI-003,Chicago,71.57,38.35,1000,warning
2026-06-01 12:00:00,PHL-001,Philadelphia,56.35,29.59,1000,normal
2026-06-01 12:00:00,PHL-002,Philadelphia,61.18,38.57,1000,normal
2026-06-01 12:00:00,PHL-003,Philadelphia,64.23,36.28,1000,normal
2026-06-01 12:00:00,PHL-004,Philadelphia,66.91,31.36,1000,normal
2026-06-01 12:00:00,NYC-001,New York,72.03,31.69,1000,warning
2026-06-01 12:00:00,NYC-002,New York,57.53,33.11,1000,normal
2026-06-01 12:00:00,NYC-003,New York,73.73,35.94,1000,warning
2026-06-01 12:00:00,CHI-001,Chicago,57.99,37.63,1000,normal
2026-06-01 12:00:00,CHI-002,Chicago,61.44,25.43,1000,normal
2026-06-01 12:00:00,CHI-003,Chicago,73.59,46.36,1000,warning
2026-06-01 13:00:00,PHL-001,Philadelphia,60.05,36.86,1000,normal
2026-06-01 13:00:00,PHL-002,Philadelphia,59.96,23.82,1000,normal
2026-06-01 13:00:00,PHL-003,Philadelphia,68.0,38.15,1000,normal
2026-06-01 13:00:00,PHL-004,Philadelphia,69.89,45.16,1000,normal
2026-06-01 13:00:00,NYC-001,New York,71.92,25.34,1000,warning
2026-06-01 13:00:00,NYC-002,New York,61.54,27.07,1000,normal
2026-06-01 13:00:00,NYC-003,New York,79.63,50.3,1000,warning
2026-06-01 13:00:00,CHI-001,Chicago,51.07,19.64,1000,normal
2026-06-01 13:00:00,CHI-002,Chicago,61.64,31.8,1000,normal
2026-06-01 13:00:00,CHI-003,Chicago,73.63,39.13,1000,warning
2026-06-01 14:00:00,PHL-001,Philadelphia,58.74,24.15,1000,normal
2026-06-01 14:00:00,PHL-002,Philadelphia,62.07,26.64,1000,normal
2026-06-01 14:00:00,PHL-003,Philadelphia,65.93,40.98,1000,normal
2026-06-01 14:00:00,PHL-004,Philadelphia,71.77,27.11,1000,warning
2026-06-01 14:00:00,NYC-001,New York,70.54,30.54,1000,warning
2026-06-01 14:00:00,NYC-002,New York,55.03,31.99,1000,normal
2026-06-01 14:00:00,NYC-003,New York,79.37,34.02,1000,warning
2026-06-01 14:00:00,CHI-001,Chicago,55.93,28.83,1000,normal
2026-06-01 14:00:00,CHI-002,Chicago,63.57,22.43,1000,normal
2026-06-01 14:00:00,CHI-003,Chicago,72.45,44.55,1000,warning
2026-06-01 15:00:00,PHL-001,Philadelphia,60.23,30.94,1000,normal
2026-06-01 15:00:00,PHL-002,Philadelphia,63.68,33.42,1000,normal
2026-06-01 15:00:00,PHL-003,Philadelphia,63.89,24.8,1000,normal
2026-06-01 15:00:00,PHL-004,Philadelphia,67.47,41.81,1000,normal
2026-06-01 15:00:00,NYC-001,New York,72.78,44.27,1000,warning
2026-06-01 15:00:00,NYC-002,New York,62.19,25.69,1000,normal
2026-06-01 15:00:00,NYC-003,New York,75.5,28.75,1000,warning
2026-06-01 15:00:00,CHI-001,Chicago,56.24,34.6,1000,normal
2026-06-01 15:00:00,CHI-002,Chicago,63.44,34.02,1000,normal
2026-06-01 15:00:00,CHI-003,Chicago,72.93,45.87,1000,warning
2026-06-01 16:00:00,PHL-001,Philadelphia,59.92,38.52,1000,normal
2026-06-01 16:00:00,PHL-002,Philadelphia,63.49,39.01,1000,normal
2026-06-01 16:00:00,PHL-003,Philadelphia,63.15,36.06,1000,normal
2026-06-01 16:00:00,PHL-004,Philadelphia,67.66,42.57,1000,normal
2026-06-01 16:00:00,NYC-001,New York,72.81,44.36,1000,warning
2026-06-01 16:00:00,NYC-002,New York,61.49,26.44,1000,normal
2026-06-01 16:00:00,NYC-003,New York,80.87,30.93,1000,warning
2026-06-01 16:00:00,CHI-001,Chicago,56.98,34.62,1000,normal
2026-06-01 16:00:00,CHI-002,Chicago,62.33,37.08,1000,normal
2026-06-01 16:00:00,CHI-003,Chicago,74.76,33.01,1000,warning
2026-06-01 17:00:00,PHL-001,Philadelphia,59.36,24.83,1000,normal
2026-06-01 17:00:00,PHL-002,Philadelphia,57.19,23.33,1000,normal
2026-06-01 17:00:00,PHL-003,Philadelphia,64.97,39.59,1000,normal
2026-06-01 17:00:00,PHL-004,Philadelphia,72.74,31.55,1000,warning
2026-06-01 17:00:00,NYC-001,New York,71.85,33.76,1000,warning
2026-06-01 17:00:00,NYC-002,New York,62.85,32.11,1000,normal
2026-06-01 17:00:00,NYC-003,New York,82.39,31.69,1000,warning
2026-06-01 17:00:00,CHI-001,Chicago,57.76,23.31,1000,normal
2026-06-01 17:00:00,CHI-002,Chicago,66.78,28.69,1000,normal
2026-06-01 17:00:00,CHI-003,Chicago,72.65,34.9,1000,warning
2026-06-01 18:00:00,PHL-001,Philadelphia,67.83,30.12,1000,normal
2026-06-01 18:00:00,PHL-002,Philadelphia,70.85,35.67,1000,warning
2026-06-01 18:00:00,PHL-003,Philadelphia,74.31,38.86,1000,warning
2026-06-01 18:00:00,PHL-004,Philadelphia,76.04,42.78,1000,warning
2026-06-01 18:00:00,NYC-001,New York,77.01,48.34,1000,warning
2026-06-01 18:00:00,NYC-002,New York,68.31,38.65,1000,normal
2026-06-01 18:00:00,NYC-003,New York,89.42,49.29,1000,critical
2026-06-01 18:00:00,CHI-001,Chicago,61.91,22.97,1000,normal
2026-06-01 18:00:00,CHI-002,Chicago,73.99,33.23,1000,warning
2026-06-01 18:00:00,CHI-003,Chicago,82.88,50.09,1000,warning
2026-06-01 19:00:00,PHL-001,Philadelphia,67.76,29.82,1000,normal
2026-06-01 19:00:00,PHL-002,Philadelphia,68.47,32.35,1000,normal
2026-06-01 19:00:00,PHL-003,Philadelphia,74.41,32.64,1000,warning
2026-06-01 19:00:00,PHL-004,Philadelphia,75.02,35.72,1000,warning
2026-06-01 19:00:00,NYC-001,New York,82.64,45.72,1000,warning
2026-06-01 19:00:00,NYC-002,New York,71.22,38.08,1000,warning
2026-06-01 19:00:00,NYC-003,New York,85.01,43.73,1000,critical
2026-06-01 19:00:00,CHI-001,Chicago,59.0,25.73,1000,normal
2026-06-01 19:00:00,CHI-002,Chicago,72.58,38.03,1000,warning
2026-06-01 19:00:00,CHI-003,Chicago,84.93,41.57,1000,warning
2026-06-01 20:00:00,PHL-001,Philadelphia,65.54,27.14,1000,normal
2026-06-01 20:00:00,PHL-002,Philadelphia,69.79,43.29,1000,normal
2026-06-01 20:00:00,PHL-003,Philadelphia,76.78,30.78,1000,warning
2026-06-01 20:00:00,PHL-004,Philadelphia,74.68,37.69,1000,warning
2026-06-01 20:00:00,NYC-001,New York,80.8,36.4,1000,warning
2026-06-01 20:00:00,NYC-002,New York,70.55,40.59,1000,warning
2026-06-01 20:00:00,NYC-003,New York,88.73,37.04,1000,critical
2026-06-01 20:00:00,CHI-001,Chicago,60.59,21.65,1000,normal
2026-06-01 20:00:00,CHI-002,Chicago,71.47,35.2,1000,warning
2026-06-01 20:00:00,CHI-003,Chicago,86.1,32.02,1000,critical
2026-06-01 21:00:00,PHL-001,Philadelphia,65.32,35.2,1000,normal
2026-06-01 21:00:00,PHL-002,Philadelphia,67.56,37.76,1000,normal
2026-06-01 21:00:00,PHL-003,Philadelphia,74.97,31.73,1000,warning
2026-06-01 21:00:00,PHL-004,Philadelphia,79.25,27.87,1000,warning
2026-06-01 21:00:00,NYC-001,New York,81.51,47.36,1000,warning
2026-06-01 21:00:00,NYC-002,New York,64.85,30.97,1000,normal
2026-06-01 21:00:00,NYC-003,New York,83.76,53.39,1000,warning
2026-06-01 21:00:00,CHI-001,Chicago,63.14,23.05,1000,normal
2026-06-01 21:00:00,CHI-002,Chicago,71.5,43.22,1000,warning
2026-06-01 21:00:00,CHI-003,Chicago,83.74,49.44,1000,warning
2026-06-01 22:00:00,PHL-001,Philadelphia,67.34,43.53,1000,normal
2026-06-01 22:00:00,PHL-002,Philadelphia,70.76,44.93,1000,warning
2026-06-01 22:00:00,PHL-003,Philadelphia,77.35,41.29,1000,warning
2026-06-01 22:00:00,PHL-004,Philadelphia,79.75,39.99,1000,warning
2026-06-01 22:00:00,NYC-001,New York,81.98,42.17,1000,warning
2026-06-01 22:00:00,NYC-002,New York,71.18,40.79,1000,warning
2026-06-01 22:00:00,NYC-003,New York,86.75,37.11,1000,critical
2026-06-01 22:00:00,CHI-001,Chicago,60.98,33.01,1000,normal
2026-06-01 22:00:00,CHI-002,Chicago,74.59,37.77,1000,warning
2026-06-01 22:00:00,CHI-003,Chicago,84.76,36.65,1000,warning
2026-06-01 23:00:00,PHL-001,Philadelphia,44.62,19.44,1000,normal
2026-06-01 23:00:00,PHL-002,Philadelphia,50.17,22.37,1000,normal
2026-06-01 23:00:00,PHL-003,Philadelphia,57.24,22.41,1000,normal
2026-06-01 23:00:00,PHL-004,Philadelphia,57.85,32.29,1000,normal
2026-06-01 23:00:00,NYC-001,New York,63.24,23.35,1000,normal
2026-06-01 23:00:00,NYC-002,New York,49.26,25.26,1000,normal
2026-06-01 23:00:00,NYC-003,New York,68.16,28.09,1000,normal
2026-06-01 23:00:00,CHI-001,Chicago,44.36,27.57,1000,normal
2026-06-01 23:00:00,CHI-002,Chicago,55.5,31.01,1000,normal
2026-06-01 23:00:00,CHI-003,Chicago,68.14,39.5,1000,normal
2026-06-02 00:00:00,PHL-001,Philadelphia,47.24,16.62,1000,normal
2026-06-02 00:00:00,PHL-002,Philadelphia,51.81,29.84,1000,normal
2026-06-02 00:00:00,PHL-003,Philadelphia,61.52,39.13,1000,normal
2026-06-02 00:00:00,PHL-004,Philadelphia,58.55,33.62,1000,normal
2026-06-02 00:00:00,NYC-001,New York,65.08,34.56,1000,normal
2026-06-02 00:00:00,NYC-002,New York,48.26,20.07,1000,normal
2026-06-02 00:00:00,NYC-003,New York,69.06,24.77,1000,normal
2026-06-02 00:00:00,CHI-001,Chicago,43.69,24.19,1000,normal
2026-06-02 00:00:00,CHI-002,Chicago,56.23,22.46,1000,normal
2026-06-02 00:00:00,CHI-003,Chicago,68.0,26.4,1000,normal
2026-06-02 01:00:00,PHL-001,Philadelphia,49.18,17.61,1000,normal
2026-06-02 01:00:00,PHL-002,Philadelphia,52.15,27.08,1000,normal
2026-06-02 01:00:00,PHL-003,Philadelphia,56.56,30.7,1000,normal
2026-06-02 01:00:00,PHL-004,Philadelphia,56.29,27.5,1000,normal
2026-06-02 01:00:00,NYC-001,New York,62.1,28.8,1000,normal
2026-06-02 01:00:00,NYC-002,New York,48.19,21.59,1000,normal
2026-06-02 01:00:00,NYC-003,New York,72.31,33.53,1000,warning
2026-06-02 01:00:00,CHI-001,Chicago,47.02,28.19,1000,normal
2026-06-02 01:00:00,CHI-002,Chicago,55.31,20.72,1000,normal
2026-06-02 01:00:00,CHI-003,Chicago,65.32,33.43,1000,normal
2026-06-02 02:00:00,PHL-001,Philadelphia,52.2,23.75,1000,normal
2026-06-02 02:00:00,PHL-002,Philadelphia,54.2,31.67,1000,normal
2026-06-02 02:00:00,PHL-003,Philadelphia,60.31,34.75,1000,normal
2026-06-02 02:00:00,PHL-004,Philadelphia,62.8,25.74,1000,normal
2026-06-02 02:00:00,NYC-001,New York,61.92,24.5,1000,normal
2026-06-02 02:00:00,NYC-002,New York,47.51,26.17,1000,normal
2026-06-02 02:00:00,NYC-003,New York,70.34,29.22,1000,warning
2026-06-02 02:00:00,CHI-001,Chicago,46.6,27.03,1000,normal
2026-06-02 02:00:00,CHI-002,Chicago,54.81,29.17,1000,normal
2026-06-02 02:00:00,CHI-003,Chicago,69.69,26.79,1000,normal
2026-06-02 03:00:00,PHL-001,Philadelphia,50.75,32.45,1000,normal
2026-06-02 03:00:00,PHL-002,Philadelphia,49.86,17.84,1000,normal
2026-06-02 03:00:00,PHL-003,Philadelphia,58.27,32.24,1000,normal
2026-06-02 03:00:00,PHL-004,Philadelphia,62.87,29.49,1000,normal
2026-06-02 03:00:00,NYC-001,New York,66.09,24.64,1000,normal
2026-06-02 03:00:00,NYC-002,New York,52.02,28.0,1000,normal
2026-06-02 03:00:00,NYC-003,New York,65.72,38.23,1000,normal
2026-06-02 03:00:00,CHI-001,Chicago,47.8,25.34,1000,normal
2026-06-02 03:00:00,CHI-002,Chicago,54.53,35.18,1000,normal
2026-06-02 03:00:00,CHI-003,Chicago,69.9,31.75,1000,normal
2026-06-02 04:00:00,PHL-001,Philadelphia,47.63,21.97,1000,normal
2026-06-02 04:00:00,PHL-002,Philadelphia,53.05,24.0,1000,normal
2026-06-02 04:00:00,PHL-003,Philadelphia,61.5,36.7,1000,normal
2026-06-02 04:00:00,PHL-004,Philadelphia,56.04,35.77,1000,normal
2026-06-02 04:00:00,NYC-001,New York,65.61,39.27,1000,normal
2026-06-02 04:00:00,NYC-002,New York,52.16,25.07,1000,normal
2026-06-02 04:00:00,NYC-003,New York,72.04,46.08,1000,warning
2026-06-02 04:00:00,CHI-001,Chicago,43.16,25.57,1000,normal
2026-06-02 04:00:00,CHI-002,Chicago,57.03,28.23,1000,normal
2026-06-02 04:00:00,CHI-003,Chicago,67.81,38.6,1000,normal
2026-06-02 05:00:00,PHL-001,Philadelphia,46.35,28.07,1000,normal
2026-06-02 05:00:00,PHL-002,Philadelphia,55.65,20.92,1000,normal
2026-06-02 05:00:00,PHL-003,Philadelphia,61.69,26.1,1000,normal
2026-06-02 05:00:00,PHL-004,Philadelphia,58.92,31.41,1000,normal
2026-06-02 05:00:00,NYC-001,New York,64.07,22.98,1000,normal
2026-06-02 05:00:00,NYC-002,New York,53.31,21.57,1000,normal
2026-06-02 05:00:00,NYC-003,New York,66.82,39.38,1000,normal
2026-06-02 05:00:00,CHI-001,Chicago,43.72,26.85,1000,normal
2026-06-02 05:00:00,CHI-002,Chicago,58.01,25.11,1000,normal
2026-06-02 05:00:00,CHI-003,Chicago,65.26,41.4,1000,normal
2026-06-02 06:00:00,PHL-001,Philadelphia,49.88,28.23,1000,normal
2026-06-02 06:00:00,PHL-002,Philadelphia,57.91,33.44,1000,normal
2026-06-02 06:00:00,PHL-003,Philadelphia,65.54,35.64,1000,normal
2026-06-02 06:00:00,PHL-004,Philadelphia,64.13,37.7,1000,normal
2026-06-02 06:00:00,NYC-001,New York,67.36,28.05,1000,normal
2026-06-02 06:00:00,NYC-002,New York,57.03,25.2,1000,normal
2026-06-02 06:00:00,NYC-003,New York,75.52,37.15,1000,warning
2026-06-02 06:00:00,CHI-001,Chicago,50.25,24.0,1000,normal
2026-06-02 06:00:00,CHI-002,Chicago,63.28,28.43,1000,normal
2026-06-02 06:00:00,CHI-003,Chicago,74.42,32.1,1000,warning
2026-06-02 07:00:00,PHL-001,Philadelphia,51.21,19.78,1000,normal
2026-06-02 07:00:00,PHL-002,Philadelphia,55.54,21.43,1000,normal
2026-06-02 07:00:00,PHL-003,Philadelphia,64.62,37.39,1000,normal
2026-06-02 07:00:00,PHL-004,Philadelphia,61.68,25.59,1000,normal
2026-06-02 07:00:00,NYC-001,New York,69.71,39.55,1000,normal
2026-06-02 07:00:00,NYC-002,New York,59.31,30.09,1000,normal
2026-06-02 07:00:00,NYC-003,New York,72.53,27.57,1000,warning
2026-06-02 07:00:00,CHI-001,Chicago,47.55,19.89,1000,normal
2026-06-02 07:00:00,CHI-002,Chicago,59.88,21.21,1000,normal
2026-06-02 07:00:00,CHI-003,Chicago,73.4,31.73,1000,warning
2026-06-02 08:00:00,PHL-001,Philadelphia,56.99,29.41,1000,normal
2026-06-02 08:00:00,PHL-002,Philadelphia,59.58,23.11,1000,normal
2026-06-02 08:00:00,PHL-003,Philadelphia,66.61,33.12,1000,normal
2026-06-02 08:00:00,PHL-004,Philadelphia,67.18,35.08,1000,normal
2026-06-02 08:00:00,NYC-001,New York,69.62,33.57,1000,normal
2026-06-02 08:00:00,NYC-002,New York,52.97,19.36,1000,normal
2026-06-02 08:00:00,NYC-003,New York,79.11,39.03,1000,warning
2026-06-02 08:00:00,CHI-001,Chicago,52.58,24.72,1000,normal
2026-06-02 08:00:00,CHI-002,Chicago,59.24,31.92,1000,normal
2026-06-02 08:00:00,CHI-003,Chicago,70.52,27.84,1000,warning
2026-06-02 09:00:00,PHL-001,Philadelphia,53.7,23.69,1000,normal
2026-06-02 09:00:00,PHL-002,Philadelphia,61.95,23.88,1000,normal
2026-06-02 09:00:00,PHL-003,Philadelphia,65.99,35.1,1000,normal
2026-06-02 09:00:00,PHL-004,Philadelphia,66.53,27.79,1000,normal
2026-06-02 09:00:00,NYC-001,New York,69.94,33.93,1000,normal
2026-06-02 09:00:00,NYC-002,New York,55.04,33.47,1000,normal
2026-06-02 09:00:00,NYC-003,New York,79.6,35.15,1000,warning
2026-06-02 09:00:00,CHI-001,Chicago,50.97,27.16,1000,normal
2026-06-02 09:00:00,CHI-002,Chicago,63.24,40.11,1000,normal
2026-06-02 09:00:00,CHI-003,Chicago,71.45,29.53,1000,warning
2026-06-02 10:00:00,PHL-001,Philadelphia,54.48,21.63,1000,normal
2026-06-02 10:00:00,PHL-002,Philadelphia,55.39,20.63,1000,normal
2026-06-02 10:00:00,PHL-003,Philadelphia,61.42,29.8,1000,normal
2026-06-02 10:00:00,PHL-004,Philadelphia,64.95,28.41,1000,normal
2026-06-02 10:00:00,NYC-001,New York,68.19,38.33,1000,normal
2026-06-02 10:00:00,NYC-002,New York,57.12,27.77,1000,normal
2026-06-02 10:00:00,NYC-003,New York,76.57,48.02,1000,warning
2026-06-02 10:00:00,CHI-001,Chicago,52.3,28.11,1000,normal
2026-06-02 10:00:00,CHI-002,Chicago,62.77,39.55,1000,normal
2026-06-02 10:00:00,CHI-003,Chicago,72.75,37.35,1000,warning
2026-06-02 11:00:00,PHL-001,Philadelphia,54.38,33.85,1000,normal
2026-06-02 11:00:00,PHL-002,Philadelphia,60.61,22.51,1000,normal
2026-06-02 11:00:00,PHL-003,Philadelphia,62.4,27.6,1000,normal
2026-06-02 11:00:00,PHL-004,Philadelphia,66.19,34.47,1000,normal
2026-06-02 11:00:00,NYC-001,New York,68.53,26.54,1000,normal
2026-06-02 11:00:00,NYC-002,New York,57.01,31.92,1000,normal
2026-06-02 11:00:00,NYC-003,New York,79.13,39.58,1000,warning
2026-06-02 11:00:00,CHI-001,Chicago,49.95,18.69,1000,normal
2026-06-02 11:00:00,CHI-002,Chicago,59.04,28.32,1000,normal
2026-06-02 11:00:00,CHI-003,Chicago,72.13,30.66,1000,warning
2026-06-02 12:00:00,PHL-001,Philadelphia,53.93,34.44,1000,normal
2026-06-02 12:00:00,PHL-002,Philadelphia,64.69,33.8,1000,normal
2026-06-02 12:00:00,PHL-003,Philadelphia,71.1,46.21,1000,warning
2026-06-02 12:00:00,PHL-004,Philadelphia,69.58,29.98,1000,normal
2026-06-02 12:00:00,NYC-001,New York,71.04,40.98,1000,warning
2026-06-02 12:00:00,NYC-002,New York,59.26,32.32,1000,normal
2026-06-02 12:00:00,NYC-003,New York,82.86,33.51,1000,warning
2026-06-02 12:00:00,CHI-001,Chicago,54.68,29.55,1000,normal
2026-06-02 12:00:00,CHI-002,Chicago,65.75,24.81,1000,normal
2026-06-02 12:00:00,CHI-003,Chicago,76.29,34.33,1000,warning
2026-06-02 13:00:00,PHL-001,Philadelphia,58.56,35.56,1000,normal
2026-06-02 13:00:00,PHL-002,Philadelphia,60.64,33.84,1000,normal
2026-06-02 13:00:00,PHL-003,Philadelphia,67.13,42.53,1000,normal
2026-06-02 13:00:00,PHL-004,Philadelphia,70.71,36.42,1000,warning
2026-06-02 13:00:00,NYC-001,New York,73.53,32.67,1000,warning
2026-06-02 13:00:00,NYC-002,New York,58.09,37.24,1000,normal
2026-06-02 13:00:00,NYC-003,New York,77.74,39.21,1000,warning
2026-06-02 13:00:00,CHI-001,Chicago,57.9,31.69,1000,normal
2026-06-02 13:00:00,CHI-002,Chicago,66.06,31.31,1000,normal
2026-06-02 13:00:00,CHI-003,Chicago,75.33,34.54,1000,warning
2026-06-02 14:00:00,PHL-001,Philadelphia,59.25,31.85,1000,normal
2026-06-02 14:00:00,PHL-002,Philadelphia,64.08,26.34,1000,normal
2026-06-02 14:00:00,PHL-003,Philadelphia,68.7,43.16,1000,normal
2026-06-02 14:00:00,PHL-004,Philadelphia,67.7,37.88,1000,normal
2026-06-02 14:00:00,NYC-001,New York,71.53,45.92,1000,warning
2026-06-02 14:00:00,NYC-002,New York,60.37,25.46,1000,normal
2026-06-02 14:00:00,NYC-003,New York,75.28,38.79,1000,warning
2026-06-02 14:00:00,CHI-001,Chicago,54.42,20.57,1000,normal
2026-06-02 14:00:00,CHI-002,Chicago,68.75,42.89,1000,normal
2026-06-02 14:00:00,CHI-003,Chicago,76.97,29.65,1000,warning
2026-06-02 15:00:00,PHL-001,Philadelphia,59.86,29.9,1000,normal
2026-06-02 15:00:00,PHL-002,Philadelphia,63.73,32.03,1000,normal
2026-06-02 15:00:00,PHL-003,Philadelphia,67.04,40.25,1000,normal
2026-06-02 15:00:00,PHL-004,Philadelphia,72.04,30.48,1000,warning
2026-06-02 15:00:00,NYC-001,New York,74.11,34.47,1000,warning
2026-06-02 15:00:00,NYC-002,New York,62.87,31.59,1000,normal
2026-06-02 15:00:00,NYC-003,New York,82.49,50.25,1000,warning
2026-06-02 15:00:00,CHI-001,Chicago,52.21,30.65,1000,normal
2026-06-02 15:00:00,CHI-002,Chicago,65.29,41.15,1000,normal
2026-06-02 15:00:00,CHI-003,Chicago,77.25,46.05,1000,warning
2026-06-02 16:00:00,PHL-001,Philadelphia,55.46,24.38,1000,normal
2026-06-02 16:00:00,PHL-002,Philadelphia,62.7,40.73,1000,normal
2026-06-02 16:00:00,PHL-003,Philadelphia,68.34,26.97,1000,normal
2026-06-02 16:00:00,PHL-004,Philadelphia,68.51,31.07,1000,normal
2026-06-02 16:00:00,NYC-001,New York,74.11,38.02,1000,warning
2026-06-02 16:00:00,NYC-002,New York,59.14,26.41,1000,normal
2026-06-02 16:00:00,NYC-003,New York,75.59,42.27,1000,warning
2026-06-02 16:00:00,CHI-001,Chicago,54.57,22.92,1000,normal
2026-06-02 16:00:00,CHI-002,Chicago,67.45,24.49,1000,normal
2026-06-02 16:00:00,CHI-003,Chicago,78.67,44.18,1000,warning
2026-06-02 17:00:00,PHL-001,Philadelphia,59.69,27.81,1000,normal
2026-06-02 17:00:00,PHL-002,Philadelphia,63.31,37.75,1000,normal
2026-06-02 17:00:00,PHL-003,Philadelphia,71.28,35.54,1000,warning
2026-06-02 17:00:00,PHL-004,Philadelphia,64.5,32.29,1000,normal
2026-06-02 17:00:00,NYC-001,New York,74.34,45.42,1000,warning
2026-06-02 17:00:00,NYC-002,New York,62.49,30.13,1000,normal
2026-06-02 17:00:00,NYC-003,New York,78.96,38.46,1000,warning
2026-06-02 17:00:00,CHI-001,Chicago,55.78,26.38,1000,normal
2026-06-02 17:00:00,CHI-002,Chicago,66.73,26.45,1000,normal
2026-06-02 17:00:00,CHI-003,Chicago,77.02,49.35,1000,warning
2026-06-02 18:00:00,PHL-001,Philadelphia,64.91,36.21,1000,normal
2026-06-02 18:00:00,PHL-002,Philadelphia,72.2,43.72,1000,warning
2026-06-02 18:00:00,PHL-003,Philadelphia,79.51,48.33,1000,warning
2026-06-02 18:00:00,PHL-004,Philadelphia,76.24,33.93,1000,warning
2026-06-02 18:00:00,NYC-001,New York,84.11,48.6,1000,warning
2026-06-02 18:00:00,NYC-002,New York,71.48,25.79,1000,warning
2026-06-02 18:00:00,NYC-003,New York,83.38,44.97,1000,warning
2026-06-02 18:00:00,CHI-001,Chicago,66.37,43.09,1000,normal
2026-06-02 18:00:00,CHI-002,Chicago,76.28,36.63,1000,warning
2026-06-02 18:00:00,CHI-003,Chicago,83.79,45.26,1000,warning
2026-06-02 19:00:00,PHL-001,Philadelphia,69.18,33.42,1000,normal
2026-06-02 19:00:00,PHL-002,Philadelphia,72.55,45.06,1000,warning
2026-06-02 19:00:00,PHL-003,Philadelphia,74.68,43.97,1000,warning
2026-06-02 19:00:00,PHL-004,Philadelphia,75.55,34.94,1000,warning
2026-06-02 19:00:00,NYC-001,New York,80.67,41.09,1000,warning
2026-06-02 19:00:00,NYC-002,New York,69.03,40.57,1000,normal
2026-06-02 19:00:00,NYC-003,New York,84.4,31.54,1000,warning
2026-06-02 19:00:00,CHI-001,Chicago,65.97,35.35,1000,normal
2026-06-02 19:00:00,CHI-002,Chicago,73.24,45.69,1000,warning
2026-06-02 19:00:00,CHI-003,Chicago,84.06,41.05,1000,warning
2026-06-02 20:00:00,PHL-001,Philadelphia,64.23,27.4,1000,normal
2026-06-02 20:00:00,PHL-002,Philadelphia,67.08,39.67,1000,normal
2026-06-02 20:00:00,PHL-003,Philadelphia,79.81,44.16,1000,warning
2026-06-02 20:00:00,PHL-004,Philadelphia,74.46,35.93,1000,warning
2026-06-02 20:00:00,NYC-001,New York,81.87,43.09,1000,warning
2026-06-02 20:00:00,NYC-002,New York,69.61,33.22,1000,normal
2026-06-02 20:00:00,NYC-003,New York,85.2,51.43,1000,critical
2026-06-02 20:00:00,CHI-001,Chicago,60.59,28.2,1000,normal
2026-06-02 20:00:00,CHI-002,Chicago,74.7,31.46,1000,warning
2026-06-02 20:00:00,CHI-003,Chicago,86.63,45.26,1000,critical
2026-06-02 21:00:00,PHL-001,Philadelphia,70.14,30.76,1000,warning
2026-06-02 21:00:00,PHL-002,Philadelphia,74.82,40.96,1000,warning
2026-06-02 21:00:00,PHL-003,Philadelphia,76.05,39.53,1000,warning
2026-06-02 21:00:00,PHL-004,Philadelphia,78.69,45.12,1000,warning
2026-06-02 21:00:00,NYC-001,New York,80.09,42.6,1000,warning
2026-06-02 21:00:00,NYC-002,New York,68.47,42.54,1000,normal
2026-06-02 21:00:00,NYC-003,New York,85.56,50.45,1000,critical
2026-06-02 21:00:00,CHI-001,Chicago,63.86,29.1,1000,normal
2026-06-02 21:00:00,CHI-002,Chicago,75.62,40.55,1000,warning
2026-06-02 21:00:00,CHI-003,Chicago,87.27,49.42,1000,critical
2026-06-02 22:00:00,PHL-001,Philadelphia,67.47,40.58,1000,normal
2026-06-02 22:00:00,PHL-002,Philadelphia,72.03,44.73,1000,warning
2026-06-02 22:00:00,PHL-003,Philadelphia,78.28,34.65,1000,warning
2026-06-02 22:00:00,PHL-004,Philadelphia,76.73,40.2,1000,warning
2026-06-02 22:00:00,NYC-001,New York,84.19,31.74,1000,warning
2026-06-02 22:00:00,NYC-002,New York,66.86,38.39,1000,normal
2026-06-02 22:00:00,NYC-003,New York,84.46,32.91,1000,warning
2026-06-02 22:00:00,CHI-001,Chicago,63.32,40.62,1000,normal
2026-06-02 22:00:00,CHI-002,Chicago,74.99,46.8,1000,warning
2026-06-02 22:00:00,CHI-003,Chicago,88.18,37.66,1000,critical
2026-06-02 23:00:00,PHL-001,Philadelphia,50.8,25.12,1000,normal
2026-06-02 23:00:00,PHL-002,Philadelphia,55.45,31.83,1000,normal
2026-06-02 23:00:00,PHL-003,Philadelphia,58.43,22.47,1000,normal
2026-06-02 23:00:00,PHL-004,Philadelphia,62.9,24.67,1000,normal
2026-06-02 23:00:00,NYC-001,New York,67.6,41.1,1000,normal
2026-06-02 23:00:00,NYC-002,New York,52.29,33.67,1000,normal
2026-06-02 23:00:00,NYC-003,New York,74.37,43.98,1000,warning
2026-06-02 23:00:00,CHI-001,Chicago,43.93,25.8,1000,normal
2026-06-02 23:00:00,CHI-002,Chicago,53.88,27.53,1000,normal
2026-06-02 23:00:00,CHI-003,Chicago,67.93,37.49,1000,normal
2026-06-03 00:00:00,PHL-001,Philadelphia,49.78,26.15,1000,normal
2026-06-03 00:00:00,PHL-002,Philadelphia,56.58,35.76,1000,normal
2026-06-03 00:00:00,PHL-003,Philadelphia,59.45,24.98,1000,normal
2026-06-03 00:00:00,PHL-004,Philadelphia,54.6,33.59,1000,normal
2026-06-03 00:00:00,NYC-001,New York,67.97,42.45,1000,normal
2026-06-03 00:00:00,NYC-002,New York,48.77,17.99,1000,normal
2026-06-03 00:00:00,NYC-003,New York,73.64,45.86,1000,warning
2026-06-03 00:00:00,CHI-001,Chicago,43.42,20.52,1000,normal
2026-06-03 00:00:00,CHI-002,Chicago,56.44,35.78,1000,normal
2026-06-03 00:00:00,CHI-003,Chicago,69.23,34.46,1000,normal
2026-06-03 01:00:00,PHL-001,Philadelphia,45.18,27.84,1000,normal
2026-06-03 01:00:00,PHL-002,Philadelphia,51.09,24.83,1000,normal
2026-06-03 01:00:00,PHL-003,Philadelphia,62.82,35.99,1000,normal
2026-06-03 01:00:00,PHL-004,Philadelphia,61.97,29.48,1000,normal
2026-06-03 01:00:00,NYC-001,New York,69.05,27.37,1000,normal
2026-06-03 01:00:00,NYC-002,New York,50.32,19.11,1000,normal
2026-06-03 01:00:00,NYC-003,New York,70.29,33.21,1000,warning
2026-06-03 01:00:00,CHI-001,Chicago,48.61,17.49,1000,normal
2026-06-03 01:00:00,CHI-002,Chicago,57.82,27.93,1000,normal
2026-06-03 01:00:00,CHI-003,Chicago,73.1,44.35,1000,warning
2026-06-03 02:00:00,PHL-001,Philadelphia,45.19,25.11,1000,normal
2026-06-03 02:00:00,PHL-002,Philadelphia,54.36,34.97,1000,normal
2026-06-03 02:00:00,PHL-003,Philadelphia,60.95,28.61,1000,normal
2026-06-03 02:00:00,PHL-004,Philadelphia,55.92,21.62,1000,normal
2026-06-03 02:00:00,NYC-001,New York,69.69,33.9,1000,normal
2026-06-03 02:00:00,NYC-002,New York,52.3,28.37,1000,normal
2026-06-03 02:00:00,NYC-003,New York,71.37,25.44,1000,warning
2026-06-03 02:00:00,CHI-001,Chicago,47.29,20.01,1000,normal
2026-06-03 02:00:00,CHI-002,Chicago,56.36,29.27,1000,normal
2026-06-03 02:00:00,CHI-003,Chicago,67.81,39.3,1000,normal
2026-06-03 03:00:00,PHL-001,Philadelphia,46.06,19.11,1000,normal
2026-06-03 03:00:00,PHL-002,Philadelphia,56.96,25.55,1000,normal
2026-06-03 03:00:00,PHL-003,Philadelphia,59.69,37.02,1000,normal
2026-06-03 03:00:00,PHL-004,Philadelphia,54.42,33.06,1000,normal
2026-06-03 03:00:00,NYC-001,New York,65.47,25.47,1000,normal
2026-06-03 03:00:00,NYC-002,New York,49.01,19.72,1000,normal
2026-06-03 03:00:00,NYC-003,New York,72.01,25.76,1000,warning
2026-06-03 03:00:00,CHI-001,Chicago,41.12,24.14,1000,normal
2026-06-03 03:00:00,CHI-002,Chicago,57.03,25.5,1000,normal
2026-06-03 03:00:00,CHI-003,Chicago,68.45,25.03,1000,normal
2026-06-03 04:00:00,PHL-001,Philadelphia,50.33,25.56,1000,normal
2026-06-03 04:00:00,PHL-002,Philadelphia,55.97,27.59,1000,normal
2026-06-03 04:00:00,PHL-003,Philadelphia,63.47,31.99,1000,normal
2026-06-03 04:00:00,PHL-004,Philadelphia,55.27,27.7,1000,normal
2026-06-03 04:00:00,NYC-001,New York,70.27,25.51,1000,warning
2026-06-03 04:00:00,NYC-002,New York,53.27,32.5,1000,normal
2026-06-03 04:00:00,NYC-003,New York,70.61,34.42,1000,warning
2026-06-03 04:00:00,CHI-001,Chicago,48.71,17.94,1000,normal
2026-06-03 04:00:00,CHI-002,Chicago,58.47,27.51,1000,normal
2026-06-03 04:00:00,CHI-003,Chicago,71.52,35.55,1000,warning
2026-06-03 05:00:00,PHL-001,Philadelphia,51.68,19.23,1000,normal
2026-06-03 05:00:00,PHL-002,Philadelphia,50.65,26.97,1000,normal
2026-06-03 05:00:00,PHL-003,Philadelphia,59.19,25.6,1000,normal
2026-06-03 05:00:00,PHL-004,Philadelphia,59.46,30.59,1000,normal
2026-06-03 05:00:00,NYC-001,New York,66.55,43.15,1000,normal
2026-06-03 05:00:00,NYC-002,New York,51.24,24.91,1000,normal
2026-06-03 05:00:00,NYC-003,New York,71.45,27.13,1000,warning
2026-06-03 05:00:00,CHI-001,Chicago,46.61,28.24,1000,normal
2026-06-03 05:00:00,CHI-002,Chicago,59.51,34.56,1000,normal
2026-06-03 05:00:00,CHI-003,Chicago,71.73,29.73,1000,warning
2026-06-03 06:00:00,PHL-001,Philadelphia,53.01,22.19,1000,normal
2026-06-03 06:00:00,PHL-002,Philadelphia,57.71,28.05,1000,normal
2026-06-03 06:00:00,PHL-003,Philadelphia,66.3,25.1,1000,normal
2026-06-03 06:00:00,PHL-004,Philadelphia,62.81,34.52,1000,normal
2026-06-03 06:00:00,NYC-001,New York,71.85,28.44,1000,warning
2026-06-03 06:00:00,NYC-002,New York,59.38,21.98,1000,normal
2026-06-03 06:00:00,NYC-003,New York,78.72,29.75,1000,warning
2026-06-03 06:00:00,CHI-001,Chicago,46.77,26.74,1000,normal
2026-06-03 06:00:00,CHI-002,Chicago,65.47,33.84,1000,normal
2026-06-03 06:00:00,CHI-003,Chicago,75.92,39.36,1000,warning
2026-06-03 07:00:00,PHL-001,Philadelphia,52.04,20.12,1000,normal
2026-06-03 07:00:00,PHL-002,Philadelphia,57.83,31.78,1000,normal
2026-06-03 07:00:00,PHL-003,Philadelphia,68.3,41.69,1000,normal
2026-06-03 07:00:00,PHL-004,Philadelphia,65.17,41.74,1000,normal
2026-06-03 07:00:00,NYC-001,New York,73.2,33.34,1000,warning
2026-06-03 07:00:00,NYC-002,New York,56.62,23.43,1000,normal
2026-06-03 07:00:00,NYC-003,New York,76.97,32.12,1000,warning
2026-06-03 07:00:00,CHI-001,Chicago,46.87,28.29,1000,normal
2026-06-03 07:00:00,CHI-002,Chicago,62.81,36.35,1000,normal
2026-06-03 07:00:00,CHI-003,Chicago,75.84,44.91,1000,warning
2026-06-03 08:00:00,PHL-001,Philadelphia,56.16,36.08,1000,normal
2026-06-03 08:00:00,PHL-002,Philadelphia,61.55,32.87,1000,normal
2026-06-03 08:00:00,PHL-003,Philadelphia,67.66,24.21,1000,normal
2026-06-03 08:00:00,PHL-004,Philadelphia,66.83,40.02,1000,normal
2026-06-03 08:00:00,NYC-001,New York,71.2,28.77,1000,warning
2026-06-03 08:00:00,NYC-002,New York,57.62,25.51,1000,normal
2026-06-03 08:00:00,NYC-003,New York,73.8,25.97,1000,warning
2026-06-03 08:00:00,CHI-001,Chicago,52.96,27.53,1000,normal
2026-06-03 08:00:00,CHI-002,Chicago,63.0,24.73,1000,normal
2026-06-03 08:00:00,CHI-003,Chicago,76.2,27.37,1000,warning
2026-06-03 09:00:00,PHL-001,Philadelphia,55.37,22.95,1000,normal
2026-06-03 09:00:00,PHL-002,Philadelphia,58.36,26.39,1000,normal
2026-06-03 09:00:00,PHL-003,Philadelphia,66.02,37.4,1000,normal
2026-06-03 09:00:00,PHL-004,Philadelphia,65.61,34.14,1000,normal
2026-06-03 09:00:00,NYC-001,New York,70.11,25.65,1000,warning
2026-06-03 09:00:00,NYC-002,New York,53.26,28.51,1000,normal
2026-06-03 09:00:00,NYC-003,New York,77.14,33.3,1000,warning
2026-06-03 09:00:00,CHI-001,Chicago,51.3,25.43,1000,normal
2026-06-03 09:00:00,CHI-002,Chicago,63.25,27.32,1000,normal
2026-06-03 09:00:00,CHI-003,Chicago,76.93,29.55,1000,warning
2026-06-03 10:00:00,PHL-001,Philadelphia,52.84,22.98,1000,normal
2026-06-03 10:00:00,PHL-002,Philadelphia,60.43,29.97,1000,normal
2026-06-03 10:00:00,PHL-003,Philadelphia,67.8,24.65,1000,normal
2026-06-03 10:00:00,PHL-004,Philadelphia,62.56,33.14,1000,normal
2026-06-03 10:00:00,NYC-001,New York,69.65,30.68,1000,normal
2026-06-03 10:00:00,NYC-002,New York,53.69,21.0,1000,normal
2026-06-03 10:00:00,NYC-003,New York,72.96,32.72,1000,warning
2026-06-03 10:00:00,CHI-001,Chicago,46.06,26.44,1000,normal
2026-06-03 10:00:00,CHI-002,Chicago,61.65,28.61,1000,normal
2026-06-03 10:00:00,CHI-003,Chicago,76.62,38.32,1000,warning
2026-06-03 11:00:00,PHL-001,Philadelphia,56.07,33.19,1000,normal
2026-06-03 11:00:00,PHL-002,Philadelphia,55.58,33.82,1000,normal
2026-06-03 11:00:00,PHL-003,Philadelphia,64.05,22.78,1000,normal
2026-06-03 11:00:00,PHL-004,Philadelphia,66.77,40.64,1000,normal
2026-06-03 11:00:00,NYC-001,New York,73.05,38.13,1000,warning
2026-06-03 11:00:00,NYC-002,New York,57.68,27.42,1000,normal
2026-06-03 11:00:00,NYC-003,New York,71.55,25.49,1000,warning
2026-06-03 11:00:00,CHI-001,Chicago,48.6,28.69,1000,normal
2026-06-03 11:00:00,CHI-002,Chicago,64.31,38.56,1000,normal
2026-06-03 11:00:00,CHI-003,Chicago,77.92,29.33,1000,warning
2026-06-03 12:00:00,PHL-001,Philadelphia,60.16,25.45,1000,normal
2026-06-03 12:00:00,PHL-002,Philadelphia,63.71,32.31,1000,normal
2026-06-03 12:00:00,PHL-003,Philadelphia,70.17,31.09,1000,warning
2026-06-03 12:00:00,PHL-004,Philadelphia,66.12,29.75,1000,normal
2026-06-03 12:00:00,NYC-001,New York,74.61,37.54,1000,warning
2026-06-03 12:00:00,NYC-002,New York,56.91,28.62,1000,normal
2026-06-03 12:00:00,NYC-003,New York,83.46,37.96,1000,warning
2026-06-03 12:00:00,CHI-001,Chicago,55.82,33.25,1000,normal
2026-06-03 12:00:00,CHI-002,Chicago,69.49,29.25,1000,normal
2026-06-03 12:00:00,CHI-003,Chicago,77.28,31.62,1000,warning
2026-06-03 13:00:00,PHL-001,Philadelphia,58.22,33.65,1000,normal
2026-06-03 13:00:00,PHL-002,Philadelphia,64.24,25.9,1000,normal
2026-06-03 13:00:00,PHL-003,Philadelphia,72.44,36.09,1000,warning
2026-06-03 13:00:00,PHL-004,Philadelphia,69.44,40.13,1000,normal
2026-06-03 13:00:00,NYC-001,New York,76.29,47.85,1000,warning
2026-06-03 13:00:00,NYC-002,New York,60.52,32.72,1000,normal
2026-06-03 13:00:00,NYC-003,New York,80.65,49.14,1000,warning
2026-06-03 13:00:00,CHI-001,Chicago,55.02,21.75,1000,normal
2026-06-03 13:00:00,CHI-002,Chicago,65.01,31.38,1000,normal
2026-06-03 13:00:00,CHI-003,Chicago,78.22,33.82,1000,warning
2026-06-03 14:00:00,PHL-001,Philadelphia,53.85,27.04,1000,normal
2026-06-03 14:00:00,PHL-002,Philadelphia,61.48,29.85,1000,normal
2026-06-03 14:00:00,PHL-003,Philadelphia,68.14,40.85,1000,normal
2026-06-03 14:00:00,PHL-004,Philadelphia,64.01,39.0,1000,normal
2026-06-03 14:00:00,NYC-001,New York,78.73,42.08,1000,warning
2026-06-03 14:00:00,NYC-002,New York,60.06,29.36,1000,normal
2026-06-03 14:00:00,NYC-003,New York,79.94,46.97,1000,warning
2026-06-03 14:00:00,CHI-001,Chicago,57.17,27.72,1000,normal
2026-06-03 14:00:00,CHI-002,Chicago,69.46,37.89,1000,normal
2026-06-03 14:00:00,CHI-003,Chicago,78.33,38.59,1000,warning
2026-06-03 15:00:00,PHL-001,Philadelphia,54.61,20.13,1000,normal
2026-06-03 15:00:00,PHL-002,Philadelphia,59.83,37.08,1000,normal
2026-06-03 15:00:00,PHL-003,Philadelphia,69.86,39.42,1000,normal
2026-06-03 15:00:00,PHL-004,Philadelphia,67.44,27.1,1000,normal
2026-06-03 15:00:00,NYC-001,New York,75.09,36.14,1000,warning
2026-06-03 15:00:00,NYC-002,New York,59.52,30.17,1000,normal
2026-06-03 15:00:00,NYC-003,New York,75.99,35.1,1000,warning
2026-06-03 15:00:00,CHI-001,Chicago,52.26,24.7,1000,normal
2026-06-03 15:00:00,CHI-002,Chicago,66.63,35.27,1000,normal
2026-06-03 15:00:00,CHI-003,Chicago,81.14,44.16,1000,warning
2026-06-03 16:00:00,PHL-001,Philadelphia,53.93,20.4,1000,normal
2026-06-03 16:00:00,PHL-002,Philadelphia,64.43,28.04,1000,normal
2026-06-03 16:00:00,PHL-003,Philadelphia,72.14,39.46,1000,warning
2026-06-03 16:00:00,PHL-004,Philadelphia,70.65,43.24,1000,warning
2026-06-03 16:00:00,NYC-001,New York,75.6,39.68,1000,warning
2026-06-03 16:00:00,NYC-002,New York,57.13,25.99,1000,normal
2026-06-03 16:00:00,NYC-003,New York,84.08,47.05,1000,warning
2026-06-03 16:00:00,CHI-001,Chicago,53.14,28.09,1000,normal
2026-06-03 16:00:00,CHI-002,Chicago,70.23,31.1,1000,warning
2026-06-03 16:00:00,CHI-003,Chicago,78.66,46.21,1000,warning
2026-06-03 17:00:00,PHL-001,Philadelphia,59.91,33.01,1000,normal
2026-06-03 17:00:00,PHL-002,Philadelphia,65.63,37.52,1000,normal
2026-06-03 17:00:00,PHL-003,Philadelphia,71.91,36.52,1000,warning
2026-06-03 17:00:00,PHL-004,Philadelphia,68.57,32.71,1000,normal
2026-06-03 17:00:00,NYC-001,New York,75.77,34.76,1000,warning
2026-06-03 17:00:00,NYC-002,New York,57.44,23.79,1000,normal
2026-06-03 17:00:00,NYC-003,New York,83.88,41.59,1000,warning
2026-06-03 17:00:00,CHI-001,Chicago,51.81,20.27,1000,normal
2026-06-03 17:00:00,CHI-002,Chicago,65.06,39.25,1000,normal
2026-06-03 17:00:00,CHI-003,Chicago,77.01,44.76,1000,warning
2026-06-03 18:00:00,PHL-001,Philadelphia,69.08,42.49,1000,normal
2026-06-03 18:00:00,PHL-002,Philadelphia,68.3,30.81,1000,normal
2026-06-03 18:00:00,PHL-003,Philadelphia,81.4,31.69,1000,warning
2026-06-03 18:00:00,PHL-004,Philadelphia,75.41,30.06,1000,warning
2026-06-03 18:00:00,NYC-001,New York,87.59,50.92,1000,critical
2026-06-03 18:00:00,NYC-002,New York,71.47,28.56,1000,warning
2026-06-03 18:00:00,NYC-003,New York,87.78,41.54,1000,critical
2026-06-03 18:00:00,CHI-001,Chicago,64.41,27.13,1000,normal
2026-06-03 18:00:00,CHI-002,Chicago,76.27,33.21,1000,warning
2026-06-03 18:00:00,CHI-003,Chicago,89.89,43.57,1000,critical
2026-06-03 19:00:00,PHL-001,Philadelphia,66.67,29.52,1000,normal
2026-06-03 19:00:00,PHL-002,Philadelphia,74.47,36.54,1000,warning
2026-06-03 19:00:00,PHL-003,Philadelphia,81.81,37.66,1000,warning
2026-06-03 19:00:00,PHL-004,Philadelphia,79.98,51.61,1000,warning
2026-06-03 19:00:00,NYC-001,New York,85.37,37.1,1000,critical
2026-06-03 19:00:00,NYC-002,New York,68.05,34.59,1000,normal
2026-06-03 19:00:00,NYC-003,New York,93.06,55.38,1000,critical
2026-06-03 19:00:00,CHI-001,Chicago,65.41,25.61,1000,normal
2026-06-03 19:00:00,CHI-002,Chicago,75.1,40.73,1000,warning
2026-06-03 19:00:00,CHI-003,Chicago,90.64,46.8,1000,critical
2026-06-03 20:00:00,PHL-001,Philadelphia,63.22,38.17,1000,normal
2026-06-03 20:00:00,PHL-002,Philadelphia,74.81,32.58,1000,warning
2026-06-03 20:00:00,PHL-003,Philadelphia,81.38,35.14,1000,warning
2026-06-03 20:00:00,PHL-004,Philadelphia,79.64,31.39,1000,warning
2026-06-03 20:00:00,NYC-001,New York,85.22,54.02,1000,critical
2026-06-03 20:00:00,NYC-002,New York,66.78,32.41,1000,normal
2026-06-03 20:00:00,NYC-003,New York,86.9,31.11,1000,critical
2026-06-03 20:00:00,CHI-001,Chicago,59.43,29.75,1000,normal
2026-06-03 20:00:00,CHI-002,Chicago,75.01,48.63,1000,warning
2026-06-03 20:00:00,CHI-003,Chicago,87.65,31.42,1000,critical
2026-06-03 21:00:00,PHL-001,Philadelphia,69.85,42.03,1000,normal
2026-06-03 21:00:00,PHL-002,Philadelphia,73.2,43.0,1000,warning
2026-06-03 21:00:00,PHL-003,Philadelphia,77.63,33.85,1000,warning
2026-06-03 21:00:00,PHL-004,Philadelphia,79.04,44.17,1000,warning
2026-06-03 21:00:00,NYC-001,New York,83.43,46.86,1000,warning
2026-06-03 21:00:00,NYC-002,New York,68.59,24.11,1000,normal
2026-06-03 21:00:00,NYC-003,New York,84.19,35.93,1000,warning
2026-06-03 21:00:00,CHI-001,Chicago,65.68,33.8,1000,normal
2026-06-03 21:00:00,CHI-002,Chicago,77.96,39.63,1000,warning
2026-06-03 21:00:00,CHI-003,Chicago,86.07,37.56,1000,critical
2026-06-03 22:00:00,PHL-001,Philadelphia,64.81,23.61,1000,normal
2026-06-03 22:00:00,PHL-002,Philadelphia,71.36,41.97,1000,warning
2026-06-03 22:00:00,PHL-003,Philadelphia,79.54,30.48,1000,warning
2026-06-03 22:00:00,PHL-004,Philadelphia,79.64,42.13,1000,warning
2026-06-03 22:00:00,NYC-001,New York,82.7,41.73,1000,warning
2026-06-03 22:00:00,NYC-002,New York,66.94,26.31,1000,normal
2026-06-03 22:00:00,NYC-003,New York,87.69,46.87,1000,critical
2026-06-03 22:00:00,CHI-001,Chicago,60.92,28.94,1000,normal
2026-06-03 22:00:00,CHI-002,Chicago,77.59,29.15,1000,warning
2026-06-03 22:00:00,CHI-003,Chicago,91.25,33.79,1000,critical
2026-06-03 23:00:00,PHL-001,Philadelphia,48.61,24.41,1000,normal
2026-06-03 23:00:00,PHL-002,Philadelphia,57.91,29.9,1000,normal
2026-06-03 23:00:00,PHL-003,Philadelphia,61.14,30.02,1000,normal
2026-06-03 23:00:00,PHL-004,Philadelphia,59.49,38.33,1000,normal
2026-06-03 23:00:00,NYC-001,New York,66.12,23.46,1000,normal
2026-06-03 23:00:00,NYC-002,New York,53.31,24.17,1000,normal
2026-06-03 23:00:00,NYC-003,New York,72.73,39.16,1000,warning
2026-06-03 23:00:00,CHI-001,Chicago,47.17,26.91,1000,normal
2026-06-03 23:00:00,CHI-002,Chicago,57.6,20.93,1000,normal
2026-06-03 23:00:00,CHI-003,Chicago,70.68,41.99,1000,warning
2026-06-04 00:00:00,PHL-001,Philadelphia,46.0,26.85,1000,normal
2026-06-04 00:00:00,PHL-002,Philadelphia,54.72,30.57,1000,normal
2026-06-04 00:00:00,PHL-003,Philadelphia,64.99,38.57,1000,normal
2026-06-04 00:00:00,PHL-004,Philadelphia,54.1,31.53,1000,normal
2026-06-04 00:00:00,NYC-001,New York,70.15,30.73,1000,warning
2026-06-04 00:00:00,NYC-002,New York,47.85,19.61,1000,normal
2026-06-04 00:00:00,NYC-003,New York,66.52,41.91,1000,normal
2026-06-04 00:00:00,CHI-001,Chicago,45.12,29.18,1000,normal
2026-06-04 00:00:00,CHI-002,Chicago,60.66,25.84,1000,normal
2026-06-04 00:00:00,CHI-003,Chicago,74.12,30.19,1000,warning
2026-06-04 01:00:00,PHL-001,Philadelphia,47.46,27.73,1000,normal
2026-06-04 01:00:00,PHL-002,Philadelphia,57.93,26.04,1000,normal
2026-06-04 01:00:00,PHL-003,Philadelphia,61.95,28.52,1000,normal
2026-06-04 01:00:00,PHL-004,Philadelphia,60.72,34.79,1000,normal
2026-06-04 01:00:00,NYC-001,New York,72.77,33.91,1000,warning
2026-06-04 01:00:00,NYC-002,New York,55.29,27.58,1000,normal
2026-06-04 01:00:00,NYC-003,New York,71.08,44.59,1000,warning
2026-06-04 01:00:00,CHI-001,Chicago,45.15,26.65,1000,normal
2026-06-04 01:00:00,CHI-002,Chicago,61.76,23.08,1000,normal
2026-06-04 01:00:00,CHI-003,Chicago,73.21,43.68,1000,warning
2026-06-04 02:00:00,PHL-001,Philadelphia,48.96,21.85,1000,normal
2026-06-04 02:00:00,PHL-002,Philadelphia,51.64,28.31,1000,normal
2026-06-04 02:00:00,PHL-003,Philadelphia,63.04,33.46,1000,normal
2026-06-04 02:00:00,PHL-004,Philadelphia,57.01,31.75,1000,normal
2026-06-04 02:00:00,NYC-001,New York,69.51,25.21,1000,normal
2026-06-04 02:00:00,NYC-002,New York,54.46,24.82,1000,normal
2026-06-04 02:00:00,NYC-003,New York,76.08,32.89,1000,warning
2026-06-04 02:00:00,CHI-001,Chicago,48.84,30.98,1000,normal
2026-06-04 02:00:00,CHI-002,Chicago,57.85,31.31,1000,normal
2026-06-04 02:00:00,CHI-003,Chicago,71.78,42.37,1000,warning
2026-06-04 03:00:00,PHL-001,Philadelphia,50.04,31.82,1000,normal
2026-06-04 03:00:00,PHL-002,Philadelphia,52.14,27.75,1000,normal
2026-06-04 03:00:00,PHL-003,Philadelphia,65.89,23.75,1000,normal
2026-06-04 03:00:00,PHL-004,Philadelphia,54.14,31.59,1000,normal
2026-06-04 03:00:00,NYC-001,New York,69.6,32.35,1000,normal
2026-06-04 03:00:00,NYC-002,New York,52.04,27.66,1000,normal
2026-06-04 03:00:00,NYC-003,New York,72.89,46.26,1000,warning
2026-06-04 03:00:00,CHI-001,Chicago,43.98,25.46,1000,normal
2026-06-04 03:00:00,CHI-002,Chicago,60.84,30.96,1000,normal
2026-06-04 03:00:00,CHI-003,Chicago,71.99,39.23,1000,warning
2026-06-04 04:00:00,PHL-001,Philadelphia,46.6,17.9,1000,normal
2026-06-04 04:00:00,PHL-002,Philadelphia,56.89,28.43,1000,normal
2026-06-04 04:00:00,PHL-003,Philadelphia,63.52,32.94,1000,normal
2026-06-04 04:00:00,PHL-004,Philadelphia,55.69,23.84,1000,normal
2026-06-04 04:00:00,NYC-001,New York,70.08,45.48,1000,warning
2026-06-04 04:00:00,NYC-002,New York,49.78,31.11,1000,normal
2026-06-04 04:00:00,NYC-003,New York,71.01,27.47,1000,warning
2026-06-04 04:00:00,CHI-001,Chicago,47.82,23.22,1000,normal
2026-06-04 04:00:00,CHI-002,Chicago,62.79,30.36,1000,normal
2026-06-04 04:00:00,CHI-003,Chicago,70.13,38.89,1000,warning
2026-06-04 05:00:00,PHL-001,Philadelphia,51.36,22.9,1000,normal
2026-06-04 05:00:00,PHL-002,Philadelphia,53.78,19.87,1000,normal
2026-06-04 05:00:00,PHL-003,Philadelphia,64.45,39.79,1000,normal
2026-06-04 05:00:00,PHL-004,Philadelphia,60.41,34.04,1000,normal
2026-06-04 05:00:00,NYC-001,New York,72.96,39.49,1000,warning
2026-06-04 05:00:00,NYC-002,New York,53.85,27.07,1000,normal
2026-06-04 05:00:00,NYC-003,New York,67.31,27.62,1000,normal
2026-06-04 05:00:00,CHI-001,Chicago,42.11,24.72,1000,normal
2026-06-04 05:00:00,CHI-002,Chicago,57.56,29.71,1000,normal
2026-06-04 05:00:00,CHI-003,Chicago,71.81,42.45,1000,warning
2026-06-04 06:00:00,PHL-001,Philadelphia,54.01,28.82,1000,normal
2026-06-04 06:00:00,PHL-002,Philadelphia,56.69,25.1,1000,normal
2026-06-04 06:00:00,PHL-003,Philadelphia,72.2,40.84,1000,warning
2026-06-04 06:00:00,PHL-004,Philadelphia,62.81,36.48,1000,normal
2026-06-04 06:00:00,NYC-001,New York,77.34,28.78,1000,warning
2026-06-04 06:00:00,NYC-002,New York,60.28,32.71,1000,normal
2026-06-04 06:00:00,NYC-003,New York,75.6,41.88,1000,warning
2026-06-04 06:00:00,CHI-001,Chicago,48.76,29.91,1000,normal
2026-06-04 06:00:00,CHI-002,Chicago,67.08,36.35,1000,normal
2026-06-04 06:00:00,CHI-003,Chicago,75.69,48.43,1000,warning
2026-06-04 07:00:00,PHL-001,Philadelphia,53.06,33.07,1000,normal
2026-06-04 07:00:00,PHL-002,Philadelphia,56.44,21.86,1000,normal
2026-06-04 07:00:00,PHL-003,Philadelphia,67.12,26.81,1000,normal
2026-06-04 07:00:00,PHL-004,Philadelphia,61.18,34.43,1000,normal
2026-06-04 07:00:00,NYC-001,New York,74.48,47.09,1000,warning
2026-06-04 07:00:00,NYC-002,New York,59.66,36.02,1000,normal
2026-06-04 07:00:00,NYC-003,New York,73.61,39.79,1000,warning
2026-06-04 07:00:00,CHI-001,Chicago,50.41,19.54,1000,normal
2026-06-04 07:00:00,CHI-002,Chicago,64.22,32.75,1000,normal
2026-06-04 07:00:00,CHI-003,Chicago,77.62,31.09,1000,warning
2026-06-04 08:00:00,PHL-001,Philadelphia,57.13,22.64,1000,normal
2026-06-04 08:00:00,PHL-002,Philadelphia,61.27,34.69,1000,normal
2026-06-04 08:00:00,PHL-003,Philadelphia,69.83,42.09,1000,normal
2026-06-04 08:00:00,PHL-004,Philadelphia,63.11,37.71,1000,normal
2026-06-04 08:00:00,NYC-001,New York,72.57,26.39,1000,warning
2026-06-04 08:00:00,NYC-002,New York,57.63,30.14,1000,normal
2026-06-04 08:00:00,NYC-003,New York,77.61,45.02,1000,warning
2026-06-04 08:00:00,CHI-001,Chicago,49.33,26.72,1000,normal
2026-06-04 08:00:00,CHI-002,Chicago,65.39,35.19,1000,normal
2026-06-04 08:00:00,CHI-003,Chicago,76.34,48.63,1000,warning
2026-06-04 09:00:00,PHL-001,Philadelphia,53.46,31.62,1000,normal
2026-06-04 09:00:00,PHL-002,Philadelphia,61.48,27.0,1000,normal
2026-06-04 09:00:00,PHL-003,Philadelphia,66.64,24.52,1000,normal
2026-06-04 09:00:00,PHL-004,Philadelphia,62.12,30.77,1000,normal
2026-06-04 09:00:00,NYC-001,New York,73.62,39.17,1000,warning
2026-06-04 09:00:00,NYC-002,New York,55.0,31.1,1000,normal
2026-06-04 09:00:00,NYC-003,New York,78.44,47.71,1000,warning
2026-06-04 09:00:00,CHI-001,Chicago,53.8,20.94,1000,normal
2026-06-04 09:00:00,CHI-002,Chicago,64.62,33.51,1000,normal
2026-06-04 09:00:00,CHI-003,Chicago,76.51,37.49,1000,warning
2026-06-04 10:00:00,PHL-001,Philadelphia,51.74,21.96,1000,normal
2026-06-04 10:00:00,PHL-002,Philadelphia,56.77,24.81,1000,normal
2026-06-04 10:00:00,PHL-003,Philadelphia,68.5,36.62,1000,normal
2026-06-04 10:00:00,PHL-004,Philadelphia,60.59,36.94,1000,normal
2026-06-04 10:00:00,NYC-001,New York,73.36,32.88,1000,warning
2026-06-04 10:00:00,NYC-002,New York,57.12,25.35,1000,normal
2026-06-04 10:00:00,NYC-003,New York,78.73,39.32,1000,warning
2026-06-04 10:00:00,CHI-001,Chicago,50.12,25.04,1000,normal
2026-06-04 10:00:00,CHI-002,Chicago,64.25,22.93,1000,normal
2026-06-04 10:00:00,CHI-003,Chicago,80.27,40.27,1000,warning
2026-06-04 11:00:00,PHL-001,Philadelphia,57.33,23.77,1000,normal
2026-06-04 11:00:00,PHL-002,Philadelphia,58.82,21.48,1000,normal
2026-06-04 11:00:00,PHL-003,Philadelphia,69.17,42.52,1000,normal
2026-06-04 11:00:00,PHL-004,Philadelphia,63.83,31.35,1000,normal
2026-06-04 11:00:00,NYC-001,New York,75.62,45.69,1000,warning
2026-06-04 11:00:00,NYC-002,New York,55.95,34.39,1000,normal
2026-06-04 11:00:00,NYC-003,New York,78.38,45.39,1000,warning
2026-06-04 11:00:00,CHI-001,Chicago,48.93,23.01,1000,normal
2026-06-04 11:00:00,CHI-002,Chicago,65.82,26.88,1000,normal
2026-06-04 11:00:00,CHI-003,Chicago,77.92,28.99,1000,warning
2026-06-04 12:00:00,PHL-001,Philadelphia,57.63,33.39,1000,normal
2026-06-04 12:00:00,PHL-002,Philadelphia,62.24,40.25,1000,normal
2026-06-04 12:00:00,PHL-003,Philadelphia,74.28,28.65,1000,warning
2026-06-04 12:00:00,PHL-004,Philadelphia,70.4,32.96,1000,warning
2026-06-04 12:00:00,NYC-001,New York,81.17,36.67,1000,warning
2026-06-04 12:00:00,NYC-002,New York,64.01,36.9,1000,normal
2026-06-04 12:00:00,NYC-003,New York,77.09,38.76,1000,warning
2026-06-04 12:00:00,CHI-001,Chicago,54.0,19.63,1000,normal
2026-06-04 12:00:00,CHI-002,Chicago,67.22,30.24,1000,normal
2026-06-04 12:00:00,CHI-003,Chicago,81.44,39.67,1000,warning
2026-06-04 13:00:00,PHL-001,Philadelphia,58.45,29.5,1000,normal
2026-06-04 13:00:00,PHL-002,Philadelphia,62.62,33.43,1000,normal
2026-06-04 13:00:00,PHL-003,Philadelphia,71.18,46.07,1000,warning
2026-06-04 13:00:00,PHL-004,Philadelphia,68.51,30.13,1000,normal
2026-06-04 13:00:00,NYC-001,New York,78.42,46.93,1000,warning
2026-06-04 13:00:00,NYC-002,New York,60.76,34.18,1000,normal
2026-06-04 13:00:00,NYC-003,New York,78.1,46.45,1000,warning
2026-06-04 13:00:00,CHI-001,Chicago,52.95,29.24,1000,normal
2026-06-04 13:00:00,CHI-002,Chicago,72.28,37.95,1000,warning
2026-06-04 13:00:00,CHI-003,Chicago,83.38,47.33,1000,warning
2026-06-04 14:00:00,PHL-001,Philadelphia,59.1,21.16,1000,normal
2026-06-04 14:00:00,PHL-002,Philadelphia,63.8,40.84,1000,normal
2026-06-04 14:00:00,PHL-003,Philadelphia,74.9,43.66,1000,warning
2026-06-04 14:00:00,PHL-004,Philadelphia,67.22,38.07,1000,normal
2026-06-04 14:00:00,NYC-001,New York,79.9,32.05,1000,warning
2026-06-04 14:00:00,NYC-002,New York,61.53,32.98,1000,normal
2026-06-04 14:00:00,NYC-003,New York,83.51,32.93,1000,warning
2026-06-04 14:00:00,CHI-001,Chicago,55.45,19.93,1000,normal
2026-06-04 14:00:00,CHI-002,Chicago,72.09,27.61,1000,warning
2026-06-04 14:00:00,CHI-003,Chicago,78.71,34.96,1000,warning
2026-06-04 15:00:00,PHL-001,Philadelphia,54.81,30.54,1000,normal
2026-06-04 15:00:00,PHL-002,Philadelphia,63.28,36.86,1000,normal
2026-06-04 15:00:00,PHL-003,Philadelphia,75.72,46.33,1000,warning
2026-06-04 15:00:00,PHL-004,Philadelphia,68.49,25.25,1000,normal
2026-06-04 15:00:00,NYC-001,New York,77.23,31.83,1000,warning
2026-06-04 15:00:00,NYC-002,New York,59.1,32.43,1000,normal
2026-06-04 15:00:00,NYC-003,New York,80.35,35.69,1000,warning
2026-06-04 15:00:00,CHI-001,Chicago,51.39,32.05,1000,normal
2026-06-04 15:00:00,CHI-002,Chicago,68.45,31.23,1000,normal
2026-06-04 15:00:00,CHI-003,Chicago,83.23,47.13,1000,warning
2026-06-04 16:00:00,PHL-001,Philadelphia,58.75,32.78,1000,normal
2026-06-04 16:00:00,PHL-002,Philadelphia,64.88,26.45,1000,normal
2026-06-04 16:00:00,PHL-003,Philadelphia,71.68,37.09,1000,warning
2026-06-04 16:00:00,PHL-004,Philadelphia,64.4,41.34,1000,normal
2026-06-04 16:00:00,NYC-001,New York,78.19,34.15,1000,warning
2026-06-04 16:00:00,NYC-002,New York,58.16,32.66,1000,normal
2026-06-04 16:00:00,NYC-003,New York,78.27,35.58,1000,warning
2026-06-04 16:00:00,CHI-001,Chicago,57.47,33.83,1000,normal
2026-06-04 16:00:00,CHI-002,Chicago,68.04,26.3,1000,normal
2026-06-04 16:00:00,CHI-003,Chicago,82.66,38.35,1000,warning
2026-06-04 17:00:00,PHL-001,Philadelphia,61.44,36.59,1000,normal
2026-06-04 17:00:00,PHL-002,Philadelphia,67.64,40.0,1000,normal
2026-06-04 17:00:00,PHL-003,Philadelphia,71.94,31.39,1000,warning
2026-06-04 17:00:00,PHL-004,Philadelphia,68.31,31.01,1000,normal
2026-06-04 17:00:00,NYC-001,New York,79.05,33.75,1000,warning
2026-06-04 17:00:00,NYC-002,New York,60.33,24.77,1000,normal
2026-06-04 17:00:00,NYC-003,New York,80.49,50.7,1000,warning
2026-06-04 17:00:00,CHI-001,Chicago,55.57,21.74,1000,normal
2026-06-04 17:00:00,CHI-002,Chicago,70.09,36.87,1000,warning
2026-06-04 17:00:00,CHI-003,Chicago,80.05,44.1,1000,warning
2026-06-04 18:00:00,PHL-001,Philadelphia,66.85,36.19,1000,normal
2026-06-04 18:00:00,PHL-002,Philadelphia,69.42,32.9,1000,normal
2026-06-04 18:00:00,PHL-003,Philadelphia,83.5,31.74,1000,warning
2026-06-04 18:00:00,PHL-004,Philadelphia,77.77,27.34,1000,warning
2026-06-04 18:00:00,NYC-001,New York,88.7,55.77,1000,critical
2026-06-04 18:00:00,NYC-002,New York,68.76,43.35,1000,normal
2026-06-04 18:00:00,NYC-003,New York,92.88,45.81,1000,critical
2026-06-04 18:00:00,CHI-001,Chicago,60.6,38.73,1000,normal
2026-06-04 18:00:00,CHI-002,Chicago,77.33,42.05,1000,warning
2026-06-04 18:00:00,CHI-003,Chicago,93.05,35.06,1000,critical
2026-06-04 19:00:00,PHL-001,Philadelphia,67.19,34.3,1000,normal
2026-06-04 19:00:00,PHL-002,Philadelphia,74.78,47.19,1000,warning
2026-06-04 19:00:00,PHL-003,Philadelphia,84.68,34.09,1000,warning
2026-06-04 19:00:00,PHL-004,Philadelphia,78.66,31.68,1000,warning
2026-06-04 19:00:00,NYC-001,New York,90.92,59.02,1000,critical
2026-06-04 19:00:00,NYC-002,New York,68.68,34.24,1000,normal
2026-06-04 19:00:00,NYC-003,New York,93.47,59.69,1000,critical
2026-06-04 19:00:00,CHI-001,Chicago,66.41,40.71,1000,normal
2026-06-04 19:00:00,CHI-002,Chicago,75.46,39.27,1000,warning
2026-06-04 19:00:00,CHI-003,Chicago,88.24,56.91,1000,critical
2026-06-04 20:00:00,PHL-001,Philadelphia,64.88,41.96,1000,normal
2026-06-04 20:00:00,PHL-002,Philadelphia,73.35,36.54,1000,warning
2026-06-04 20:00:00,PHL-003,Philadelphia,84.83,51.35,1000,warning
2026-06-04 20:00:00,PHL-004,Philadelphia,75.34,30.73,1000,warning
2026-06-04 20:00:00,NYC-001,New York,86.08,34.32,1000,critical
2026-06-04 20:00:00,NYC-002,New York,69.17,29.55,1000,normal
2026-06-04 20:00:00,NYC-003,New York,85.96,49.08,1000,critical
2026-06-04 20:00:00,CHI-001,Chicago,65.33,33.99,1000,normal
2026-06-04 20:00:00,CHI-002,Chicago,79.94,32.19,1000,warning
2026-06-04 20:00:00,CHI-003,Chicago,92.74,57.42,1000,critical
2026-06-04 21:00:00,PHL-001,Philadelphia,69.22,34.93,1000,normal
2026-06-04 21:00:00,PHL-002,Philadelphia,69.69,38.38,1000,normal
2026-06-04 21:00:00,PHL-003,Philadelphia,80.31,31.5,1000,warning
2026-06-04 21:00:00,PHL-004,Philadelphia,74.19,31.49,1000,warning
2026-06-04 21:00:00,NYC-001,New York,86.96,36.58,1000,critical
2026-06-04 21:00:00,NYC-002,New York,71.53,45.51,1000,warning
2026-06-04 21:00:00,NYC-003,New York,87.12,49.39,1000,critical
2026-06-04 21:00:00,CHI-001,Chicago,59.09,32.27,1000,normal
2026-06-04 21:00:00,CHI-002,Chicago,79.56,29.33,1000,warning
2026-06-04 21:00:00,CHI-003,Chicago,88.31,39.04,1000,critical
2026-06-04 22:00:00,PHL-001,Philadelphia,65.84,32.97,1000,normal
2026-06-04 22:00:00,PHL-002,Philadelphia,76.16,42.73,1000,warning
2026-06-04 22:00:00,PHL-003,Philadelphia,81.07,31.23,1000,warning
2026-06-04 22:00:00,PHL-004,Philadelphia,78.93,34.61,1000,warning
2026-06-04 22:00:00,NYC-001,New York,89.09,37.04,1000,critical
2026-06-04 22:00:00,NYC-002,New York,66.57,26.36,1000,normal
2026-06-04 22:00:00,NYC-003,New York,91.58,48.7,1000,critical
2026-06-04 22:00:00,CHI-001,Chicago,62.33,32.09,1000,normal
2026-06-04 22:00:00,CHI-002,Chicago,78.22,39.99,1000,warning
2026-06-04 22:00:00,CHI-003,Chicago,91.58,38.05,1000,critical
2026-06-04 23:00:00,PHL-001,Philadelphia,46.58,26.85,1000,normal
2026-06-04 23:00:00,PHL-002,Philadelphia,57.99,21.72,1000,normal
2026-06-04 23:00:00,PHL-003,Philadelphia,63.88,35.84,1000,normal
2026-06-04 23:00:00,PHL-004,Philadelphia,54.22,28.15,1000,normal
2026-06-04 23:00:00,NYC-001,New York,67.77,34.85,1000,normal
2026-06-04 23:00:00,NYC-002,New York,51.54,26.89,1000,normal
2026-06-04 23:00:00,NYC-003,New York,67.6,30.31,1000,normal
2026-06-04 23:00:00,CHI-001,Chicago,45.16,17.38,1000,normal
2026-06-04 23:00:00,CHI-002,Chicago,58.63,30.78,1000,normal
2026-06-04 23:00:00,CHI-003,Chicago,70.15,35.29,1000,warning
2026-06-05 00:00:00,PHL-001,Philadelphia,51.27,24.92,1000,normal
2026-06-05 00:00:00,PHL-002,Philadelphia,56.11,27.33,1000,normal
2026-06-05 00:00:00,PHL-003,Philadelphia,63.95,31.25,1000,normal
2026-06-05 00:00:00,PHL-004,Philadelphia,59.26,33.6,1000,normal
2026-06-05 00:00:00,NYC-001,New York,72.58,43.18,1000,warning
2026-06-05 00:00:00,NYC-002,New York,53.97,28.25,1000,normal
2026-06-05 00:00:00,NYC-003,New York,67.25,30.49,1000,normal
2026-06-05 00:00:00,CHI-001,Chicago,41.51,26.91,1000,normal
2026-06-05 00:00:00,CHI-002,Chicago,64.81,24.03,1000,normal
2026-06-05 00:00:00,CHI-003,Chicago,77.4,27.83,1000,warning
2026-06-05 01:00:00,PHL-001,Philadelphia,48.07,27.91,1000,normal
2026-06-05 01:00:00,PHL-002,Philadelphia,58.13,37.41,1000,normal
2026-06-05 01:00:00,PHL-003,Philadelphia,67.48,32.13,1000,normal
2026-06-05 01:00:00,PHL-004,Philadelphia,60.74,28.23,1000,normal
2026-06-05 01:00:00,NYC-001,New York,75.42,46.91,1000,warning
2026-06-05 01:00:00,NYC-002,New York,51.01,28.3,1000,normal
2026-06-05 01:00:00,NYC-003,New York,73.42,37.58,1000,warning
2026-06-05 01:00:00,CHI-001,Chicago,46.23,21.0,1000,normal
2026-06-05 01:00:00,CHI-002,Chicago,60.27,30.81,1000,normal
2026-06-05 01:00:00,CHI-003,Chicago,74.97,42.61,1000,warning
2026-06-05 02:00:00,PHL-001,Philadelphia,46.58,16.35,1000,normal
2026-06-05 02:00:00,PHL-002,Philadelphia,52.18,22.93,1000,normal
2026-06-05 02:00:00,PHL-003,Philadelphia,67.64,34.72,1000,normal
2026-06-05 02:00:00,PHL-004,Philadelphia,57.06,34.07,1000,normal
2026-06-05 02:00:00,NYC-001,New York,71.69,32.54,1000,warning
2026-06-05 02:00:00,NYC-002,New York,50.21,31.69,1000,normal
2026-06-05 02:00:00,NYC-003,New York,74.05,28.42,1000,warning
2026-06-05 02:00:00,CHI-001,Chicago,47.48,22.59,1000,normal
2026-06-05 02:00:00,CHI-002,Chicago,63.8,39.25,1000,normal
2026-06-05 02:00:00,CHI-003,Chicago,71.89,29.61,1000,warning
2026-06-05 03:00:00,PHL-001,Philadelphia,45.61,16.42,1000,normal
2026-06-05 03:00:00,PHL-002,Philadelphia,56.78,31.85,1000,normal
2026-06-05 03:00:00,PHL-003,Philadelphia,63.89,36.56,1000,normal
2026-06-05 03:00:00,PHL-004,Philadelphia,56.02,23.55,1000,normal
2026-06-05 03:00:00,NYC-001,New York,71.5,43.55,1000,warning
2026-06-05 03:00:00,NYC-002,New York,48.45,24.28,1000,normal
2026-06-05 03:00:00,NYC-003,New York,69.69,41.45,1000,normal
2026-06-05 03:00:00,CHI-001,Chicago,46.85,20.88,1000,normal
2026-06-05 03:00:00,CHI-002,Chicago,62.79,34.64,1000,normal
2026-06-05 03:00:00,CHI-003,Chicago,73.72,32.48,1000,warning
2026-06-05 04:00:00,PHL-001,Philadelphia,45.95,25.18,1000,normal
2026-06-05 04:00:00,PHL-002,Philadelphia,53.77,23.67,1000,normal
2026-06-05 04:00:00,PHL-003,Philadelphia,63.97,40.59,1000,normal
2026-06-05 04:00:00,PHL-004,Philadelphia,59.84,37.31,1000,normal
2026-06-05 04:00:00,NYC-001,New York,73.96,35.36,1000,warning
2026-06-05 04:00:00,NYC-002,New York,51.96,33.34,1000,normal
2026-06-05 04:00:00,NYC-003,New York,76.22,42.03,1000,warning
2026-06-05 04:00:00,CHI-001,Chicago,47.29,21.07,1000,normal
2026-06-05 04:00:00,CHI-002,Chicago,61.7,24.36,1000,normal
2026-06-05 04:00:00,CHI-003,Chicago,74.06,42.68,1000,warning
2026-06-05 05:00:00,PHL-001,Philadelphia,48.59,29.39,1000,normal
2026-06-05 05:00:00,PHL-002,Philadelphia,54.41,30.59,1000,normal
2026-06-05 05:00:00,PHL-003,Philadelphia,68.43,42.73,1000,normal
2026-06-05 05:00:00,PHL-004,Philadelphia,57.3,36.69,1000,normal
2026-06-05 05:00:00,NYC-001,New York,73.54,28.7,1000,warning
2026-06-05 05:00:00,NYC-002,New York,49.94,20.53,1000,normal
2026-06-05 05:00:00,NYC-003,New York,73.27,45.92,1000,warning
2026-06-05 05:00:00,CHI-001,Chicago,47.78,18.05,1000,normal
2026-06-05 05:00:00,CHI-002,Chicago,63.55,25.87,1000,normal
2026-06-05 05:00:00,CHI-003,Chicago,73.41,40.53,1000,warning
2026-06-05 06:00:00,PHL-001,Philadelphia,54.62,33.43,1000,normal
2026-06-05 06:00:00,PHL-002,Philadelphia,58.51,33.85,1000,normal
2026-06-05 06:00:00,PHL-003,Philadelphia,72.95,37.76,1000,warning
2026-06-05 06:00:00,PHL-004,Philadelphia,61.64,37.65,1000,normal
2026-06-05 06:00:00,NYC-001,New York,77.2,49.18,1000,warning
2026-06-05 06:00:00,NYC-002,New York,53.12,33.53,1000,normal
2026-06-05 06:00:00,NYC-003,New York,81.42,31.36,1000,warning
2026-06-05 06:00:00,CHI-001,Chicago,54.0,26.66,1000,normal
2026-06-05 06:00:00,CHI-002,Chicago,65.66,34.89,1000,normal
2026-06-05 06:00:00,CHI-003,Chicago,78.03,48.73,1000,warning
2026-06-05 07:00:00,PHL-001,Philadelphia,54.22,31.59,1000,normal
2026-06-05 07:00:00,PHL-002,Philadelphia,60.05,30.63,1000,normal
2026-06-05 07:00:00,PHL-003,Philadelphia,70.76,30.32,1000,warning
2026-06-05 07:00:00,PHL-004,Philadelphia,61.9,30.9,1000,normal
2026-06-05 07:00:00,NYC-001,New York,75.79,48.84,1000,warning
2026-06-05 07:00:00,NYC-002,New York,56.76,34.16,1000,normal
2026-06-05 07:00:00,NYC-003,New York,80.94,37.33,1000,warning
2026-06-05 07:00:00,CHI-001,Chicago,49.31,25.58,1000,normal
2026-06-05 07:00:00,CHI-002,Chicago,65.53,25.8,1000,normal
2026-06-05 07:00:00,CHI-003,Chicago,78.36,49.4,1000,warning
2026-06-05 08:00:00,PHL-001,Philadelphia,54.43,25.87,1000,normal
2026-06-05 08:00:00,PHL-002,Philadelphia,58.22,26.14,1000,normal
2026-06-05 08:00:00,PHL-003,Philadelphia,70.88,42.53,1000,warning
2026-06-05 08:00:00,PHL-004,Philadelphia,61.79,33.76,1000,normal
2026-06-05 08:00:00,NYC-001,New York,79.31,33.88,1000,warning
2026-06-05 08:00:00,NYC-002,New York,59.57,38.12,1000,normal
2026-06-05 08:00:00,NYC-003,New York,78.22,38.89,1000,warning
2026-06-05 08:00:00,CHI-001,Chicago,47.35,27.87,1000,normal
2026-06-05 08:00:00,CHI-002,Chicago,65.22,36.92,1000,normal
2026-06-05 08:00:00,CHI-003,Chicago,79.73,49.84,1000,warning
2026-06-05 09:00:00,PHL-001,Philadelphia,54.14,29.37,1000,normal
2026-06-05 09:00:00,PHL-002,Philadelphia,57.47,20.7,1000,normal
2026-06-05 09:00:00,PHL-003,Philadelphia,73.68,46.68,1000,warning
2026-06-05 09:00:00,PHL-004,Philadelphia,63.15,36.58,1000,normal
2026-06-05 09:00:00,NYC-001,New York,77.67,46.82,1000,warning
2026-06-05 09:00:00,NYC-002,New York,54.85,30.83,1000,normal
2026-06-05 09:00:00,NYC-003,New York,71.89,36.07,1000,warning
2026-06-05 09:00:00,CHI-001,Chicago,48.99,26.23,1000,normal
2026-06-05 09:00:00,CHI-002,Chicago,68.2,36.48,1000,normal
2026-06-05 09:00:00,CHI-003,Chicago,79.7,39.56,1000,warning
2026-06-05 10:00:00,PHL-001,Philadelphia,49.85,25.7,1000,normal
2026-06-05 10:00:00,PHL-002,Philadelphia,57.09,29.05,1000,normal
2026-06-05 10:00:00,PHL-003,Philadelphia,70.25,45.19,1000,warning
2026-06-05 10:00:00,PHL-004,Philadelphia,57.94,34.41,1000,normal
2026-06-05 10:00:00,NYC-001,New York,79.24,46.9,1000,warning
2026-06-05 10:00:00,NYC-002,New York,60.28,23.03,1000,normal
2026-06-05 10:00:00,NYC-003,New York,72.76,28.72,1000,warning
2026-06-05 10:00:00,CHI-001,Chicago,47.54,24.15,1000,normal
2026-06-05 10:00:00,CHI-002,Chicago,69.09,29.72,1000,normal
2026-06-05 10:00:00,CHI-003,Chicago,79.18,36.57,1000,warning
2026-06-05 11:00:00,PHL-001,Philadelphia,53.05,27.56,1000,normal
2026-06-05 11:00:00,PHL-002,Philadelphia,64.92,27.12,1000,normal
2026-06-05 11:00:00,PHL-003,Philadelphia,72.7,43.94,1000,warning
2026-06-05 11:00:00,PHL-004,Philadelphia,63.03,38.29,1000,normal
2026-06-05 11:00:00,NYC-001,New York,79.76,30.15,1000,warning
2026-06-05 11:00:00,NYC-002,New York,56.03,28.9,1000,normal
2026-06-05 11:00:00,NYC-003,New York,72.36,25.53,1000,warning
2026-06-05 11:00:00,CHI-001,Chicago,47.37,23.68,1000,normal
2026-06-05 11:00:00,CHI-002,Chicago,66.8,39.1,1000,normal
2026-06-05 11:00:00,CHI-003,Chicago,80.2,48.71,1000,warning
2026-06-05 12:00:00,PHL-001,Philadelphia,54.56,27.74,1000,normal
2026-06-05 12:00:00,PHL-002,Philadelphia,61.34,25.36,1000,normal
2026-06-05 12:00:00,PHL-003,Philadelphia,77.81,47.95,1000,warning
2026-06-05 12:00:00,PHL-004,Philadelphia,65.6,23.88,1000,normal
2026-06-05 12:00:00,NYC-001,New York,79.65,49.99,1000,warning
2026-06-05 12:00:00,NYC-002,New York,64.19,33.32,1000,normal
2026-06-05 12:00:00,NYC-003,New York,76.13,47.86,1000,warning
2026-06-05 12:00:00,CHI-001,Chicago,52.52,33.53,1000,normal
2026-06-05 12:00:00,CHI-002,Chicago,71.72,41.29,1000,warning
2026-06-05 12:00:00,CHI-003,Chicago,85.08,39.94,1000,critical
2026-06-05 13:00:00,PHL-001,Philadelphia,54.42,21.7,1000,normal
2026-06-05 13:00:00,PHL-002,Philadelphia,62.92,37.78,1000,normal
2026-06-05 13:00:00,PHL-003,Philadelphia,74.93,46.38,1000,warning
2026-06-05 13:00:00,PHL-004,Philadelphia,64.45,37.17,1000,normal
2026-06-05 13:00:00,NYC-001,New York,80.04,51.75,1000,warning
2026-06-05 13:00:00,NYC-002,New York,62.79,31.41,1000,normal
2026-06-05 13:00:00,NYC-003,New York,85.54,31.32,1000,critical
2026-06-05 13:00:00,CHI-001,Chicago,53.5,32.19,1000,normal
2026-06-05 13:00:00,CHI-002,Chicago,70.24,40.79,1000,warning
2026-06-05 13:00:00,CHI-003,Chicago,86.53,40.58,1000,critical
2026-06-05 14:00:00,PHL-001,Philadelphia,59.99,21.53,1000,normal
2026-06-05 14:00:00,PHL-002,Philadelphia,63.19,40.93,1000,normal
2026-06-05 14:00:00,PHL-003,Philadelphia,75.54,34.5,1000,warning
2026-06-05 14:00:00,PHL-004,Philadelphia,69.33,33.25,1000,normal
2026-06-05 14:00:00,NYC-001,New York,83.28,45.65,1000,warning
2026-06-05 14:00:00,NYC-002,New York,57.69,30.9,1000,normal
2026-06-05 14:00:00,NYC-003,New York,83.78,47.25,1000,warning
2026-06-05 14:00:00,CHI-001,Chicago,50.66,20.07,1000,normal
2026-06-05 14:00:00,CHI-002,Chicago,72.47,39.15,1000,warning
2026-06-05 14:00:00,CHI-003,Chicago,85.24,37.93,1000,critical
2026-06-05 15:00:00,PHL-001,Philadelphia,54.65,19.21,1000,normal
2026-06-05 15:00:00,PHL-002,Philadelphia,63.47,29.07,1000,normal
2026-06-05 15:00:00,PHL-003,Philadelphia,74.22,28.93,1000,warning
2026-06-05 15:00:00,PHL-004,Philadelphia,63.3,30.68,1000,normal
2026-06-05 15:00:00,NYC-001,New York,82.53,38.99,1000,warning
2026-06-05 15:00:00,NYC-002,New York,57.21,26.1,1000,normal
2026-06-05 15:00:00,NYC-003,New York,76.73,40.62,1000,warning
2026-06-05 15:00:00,CHI-001,Chicago,52.6,24.49,1000,normal
2026-06-05 15:00:00,CHI-002,Chicago,69.95,32.62,1000,normal
2026-06-05 15:00:00,CHI-003,Chicago,81.31,50.44,1000,warning
2026-06-05 16:00:00,PHL-001,Philadelphia,61.04,39.28,1000,normal
2026-06-05 16:00:00,PHL-002,Philadelphia,65.58,26.29,1000,normal
2026-06-05 16:00:00,PHL-003,Philadelphia,74.88,29.33,1000,warning
2026-06-05 16:00:00,PHL-004,Philadelphia,64.21,31.97,1000,normal
2026-06-05 16:00:00,NYC-001,New York,79.58,38.23,1000,warning
2026-06-05 16:00:00,NYC-002,New York,60.37,29.9,1000,normal
2026-06-05 16:00:00,NYC-003,New York,76.57,32.58,1000,warning
2026-06-05 16:00:00,CHI-001,Chicago,51.97,27.93,1000,normal
2026-06-05 16:00:00,CHI-002,Chicago,71.76,29.33,1000,warning
2026-06-05 16:00:00,CHI-003,Chicago,81.44,35.95,1000,warning
2026-06-05 17:00:00,PHL-001,Philadelphia,61.39,27.6,1000,normal
2026-06-05 17:00:00,PHL-002,Philadelphia,65.96,39.0,1000,normal
2026-06-05 17:00:00,PHL-003,Philadelphia,74.58,33.59,1000,warning
2026-06-05 17:00:00,PHL-004,Philadelphia,68.32,41.53,1000,normal
2026-06-05 17:00:00,NYC-001,New York,85.05,33.24,1000,critical
2026-06-05 17:00:00,NYC-002,New York,59.57,37.78,1000,normal
2026-06-05 17:00:00,NYC-003,New York,77.81,34.57,1000,warning
2026-06-05 17:00:00,CHI-001,Chicago,57.72,36.98,1000,normal
2026-06-05 17:00:00,CHI-002,Chicago,69.95,39.07,1000,normal
2026-06-05 17:00:00,CHI-003,Chicago,83.75,43.78,1000,warning
2026-06-05 18:00:00,PHL-001,Philadelphia,64.74,29.96,1000,normal
2026-06-05 18:00:00,PHL-002,Philadelphia,76.53,35.81,1000,warning
2026-06-05 18:00:00,PHL-003,Philadelphia,82.28,42.72,1000,warning
2026-06-05 18:00:00,PHL-004,Philadelphia,75.54,38.8,1000,warning
2026-06-05 18:00:00,NYC-001,New York,92.29,47.53,1000,critical
2026-06-05 18:00:00,NYC-002,New York,73.62,35.96,1000,warning
2026-06-05 18:00:00,NYC-003,New York,91.88,44.24,1000,critical
2026-06-05 18:00:00,CHI-001,Chicago,61.33,34.21,1000,normal
2026-06-05 18:00:00,CHI-002,Chicago,82.11,48.34,1000,warning
2026-06-05 18:00:00,CHI-003,Chicago,92.25,46.11,1000,critical
2026-06-05 19:00:00,PHL-001,Philadelphia,67.87,28.68,1000,normal
2026-06-05 19:00:00,PHL-002,Philadelphia,75.27,42.5,1000,warning
2026-06-05 19:00:00,PHL-003,Philadelphia,86.33,32.13,1000,critical
2026-06-05 19:00:00,PHL-004,Philadelphia,78.73,38.87,1000,warning
2026-06-05 19:00:00,NYC-001,New York,90.6,45.48,1000,critical
2026-06-05 19:00:00,NYC-002,New York,73.36,40.9,1000,warning
2026-06-05 19:00:00,NYC-003,New York,90.24,52.99,1000,critical
2026-06-05 19:00:00,CHI-001,Chicago,61.88,38.28,1000,normal
2026-06-05 19:00:00,CHI-002,Chicago,80.42,43.54,1000,warning
2026-06-05 19:00:00,CHI-003,Chicago,90.31,52.44,1000,critical
2026-06-05 20:00:00,PHL-001,Philadelphia,68.06,31.07,1000,normal
2026-06-05 20:00:00,PHL-002,Philadelphia,75.18,27.31,1000,warning
2026-06-05 20:00:00,PHL-003,Philadelphia,87.5,48.41,1000,critical
2026-06-05 20:00:00,PHL-004,Philadelphia,74.0,42.61,1000,warning
2026-06-05 20:00:00,NYC-001,New York,93.99,45.03,1000,critical
2026-06-05 20:00:00,NYC-002,New York,66.08,28.26,1000,normal
2026-06-05 20:00:00,NYC-003,New York,89.91,45.46,1000,critical
2026-06-05 20:00:00,CHI-001,Chicago,63.64,33.26,1000,normal
2026-06-05 20:00:00,CHI-002,Chicago,79.87,37.33,1000,warning
2026-06-05 20:00:00,CHI-003,Chicago,94.43,49.72,1000,critical
2026-06-05 21:00:00,PHL-001,Philadelphia,66.8,30.29,1000,normal
2026-06-05 21:00:00,PHL-002,Philadelphia,70.2,26.77,1000,warning
2026-06-05 21:00:00,PHL-003,Philadelphia,84.1,53.7,1000,warning
2026-06-05 21:00:00,PHL-004,Philadelphia,71.73,45.35,1000,warning
2026-06-05 21:00:00,NYC-001,New York,89.05,39.5,1000,critical
2026-06-05 21:00:00,NYC-002,New York,69.64,28.7,1000,normal
2026-06-05 21:00:00,NYC-003,New York,89.63,44.17,1000,critical
2026-06-05 21:00:00,CHI-001,Chicago,62.51,34.94,1000,normal
2026-06-05 21:00:00,CHI-002,Chicago,79.11,34.81,1000,warning
2026-06-05 21:00:00,CHI-003,Chicago,94.66,36.4,1000,critical
2026-06-05 22:00:00,PHL-001,Philadelphia,69.59,37.88,1000,normal
2026-06-05 22:00:00,PHL-002,Philadelphia,75.42,30.12,1000,warning
2026-06-05 22:00:00,PHL-003,Philadelphia,87.5,37.03,1000,critical
2026-06-05 22:00:00,PHL-004,Philadelphia,72.2,28.74,1000,warning
2026-06-05 22:00:00,NYC-001,New York,91.56,58.37,1000,critical
2026-06-05 22:00:00,NYC-002,New York,67.85,31.99,1000,normal
2026-06-05 22:00:00,NYC-003,New York,86.64,46.97,1000,critical
2026-06-05 22:00:00,CHI-001,Chicago,62.46,22.41,1000,normal
2026-06-05 22:00:00,CHI-002,Chicago,80.88,33.1,1000,warning
2026-06-05 22:00:00,CHI-003,Chicago,93.35,43.56,1000,critical
2026-06-05 23:00:00,PHL-001,Philadelphia,50.44,20.77,1000,normal
2026-06-05 23:00:00,PHL-002,Philadelphia,58.02,34.38,1000,normal
2026-06-05 23:00:00,PHL-003,Philadelphia,63.98,24.35,1000,normal
2026-06-05 23:00:00,PHL-004,Philadelphia,59.78,24.28,1000,normal
2026-06-05 23:00:00,NYC-001,New York,72.16,35.16,1000,warning
2026-06-05 23:00:00,NYC-002,New York,50.1,30.5,1000,normal
2026-06-05 23:00:00,NYC-003,New York,72.08,39.05,1000,warning
2026-06-05 23:00:00,CHI-001,Chicago,45.78,24.42,1000,normal
2026-06-05 23:00:00,CHI-002,Chicago,62.72,28.5,1000,normal
2026-06-05 23:00:00,CHI-003,Chicago,76.87,41.14,1000,warning
2026-06-06 00:00:00,PHL-001,Philadelphia,51.51,28.94,1000,normal
2026-06-06 00:00:00,PHL-002,Philadelphia,55.38,29.59,1000,normal
2026-06-06 00:00:00,PHL-003,Philadelphia,66.51,25.95,1000,normal
2026-06-06 00:00:00,PHL-004,Philadelphia,52.94,23.38,1000,normal
2026-06-06 00:00:00,NYC-001,New York,74.1,41.35,1000,warning
2026-06-06 00:00:00,NYC-002,New York,52.59,25.01,1000,normal
2026-06-06 00:00:00,NYC-003,New York,68.88,32.04,1000,normal
2026-06-06 00:00:00,CHI-001,Chicago,42.49,22.97,1000,normal
2026-06-06 00:00:00,CHI-002,Chicago,65.16,35.42,1000,normal
2026-06-06 00:00:00,CHI-003,Chicago,80.0,41.32,1000,warning
2026-06-06 01:00:00,PHL-001,Philadelphia,48.92,19.18,1000,normal
2026-06-06 01:00:00,PHL-002,Philadelphia,55.52,26.94,1000,normal
2026-06-06 01:00:00,PHL-003,Philadelphia,66.32,30.36,1000,normal
2026-06-06 01:00:00,PHL-004,Philadelphia,52.08,20.36,1000,normal
2026-06-06 01:00:00,NYC-001,New York,77.89,49.78,1000,warning
2026-06-06 01:00:00,NYC-002,New York,52.54,26.19,1000,normal
2026-06-06 01:00:00,NYC-003,New York,74.35,35.29,1000,warning
2026-06-06 01:00:00,CHI-001,Chicago,47.72,23.7,1000,normal
2026-06-06 01:00:00,CHI-002,Chicago,61.5,22.09,1000,normal
2026-06-06 01:00:00,CHI-003,Chicago,78.57,34.38,1000,warning
2026-06-06 02:00:00,PHL-001,Philadelphia,47.2,24.13,1000,normal
2026-06-06 02:00:00,PHL-002,Philadelphia,54.35,26.48,1000,normal
2026-06-06 02:00:00,PHL-003,Philadelphia,70.46,40.85,1000,warning
2026-06-06 02:00:00,PHL-004,Philadelphia,56.4,21.66,1000,normal
2026-06-06 02:00:00,NYC-001,New York,73.69,42.93,1000,warning
2026-06-06 02:00:00,NYC-002,New York,55.09,25.34,1000,normal
2026-06-06 02:00:00,NYC-003,New York,75.73,27.45,1000,warning
2026-06-06 02:00:00,CHI-001,Chicago,46.75,24.03,1000,normal
2026-06-06 02:00:00,CHI-002,Chicago,66.94,25.49,1000,normal
2026-06-06 02:00:00,CHI-003,Chicago,78.98,45.45,1000,warning
2026-06-06 03:00:00,PHL-001,Philadelphia,47.38,30.79,1000,normal
2026-06-06 03:00:00,PHL-002,Philadelphia,56.6,25.73,1000,normal
2026-06-06 03:00:00,PHL-003,Philadelphia,70.9,34.15,1000,warning
2026-06-06 03:00:00,PHL-004,Philadelphia,59.95,34.93,1000,normal
2026-06-06 03:00:00,NYC-001,New York,74.42,44.15,1000,warning
2026-06-06 03:00:00,NYC-002,New York,53.2,24.22,1000,normal
2026-06-06 03:00:00,NYC-003,New York,74.61,40.28,1000,warning
2026-06-06 03:00:00,CHI-001,Chicago,42.33,16.58,1000,normal
2026-06-06 03:00:00,CHI-002,Chicago,62.24,25.65,1000,normal
2026-06-06 03:00:00,CHI-003,Chicago,74.36,33.85,1000,warning
2026-06-06 04:00:00,PHL-001,Philadelphia,47.25,24.17,1000,normal
2026-06-06 04:00:00,PHL-002,Philadelphia,55.59,31.2,1000,normal
2026-06-06 04:00:00,PHL-003,Philadelphia,67.74,29.14,1000,normal
2026-06-06 04:00:00,PHL-004,Philadelphia,58.86,38.0,1000,normal
2026-06-06 04:00:00,NYC-001,New York,77.08,29.18,1000,warning
2026-06-06 04:00:00,NYC-002,New York,56.2,32.92,1000,normal
2026-06-06 04:00:00,NYC-003,New York,76.69,49.68,1000,warning
2026-06-06 04:00:00,CHI-001,Chicago,47.94,18.6,1000,normal
2026-06-06 04:00:00,CHI-002,Chicago,66.2,28.13,1000,normal
2026-06-06 04:00:00,CHI-003,Chicago,78.27,46.85,1000,warning
2026-06-06 05:00:00,PHL-001,Philadelphia,51.09,28.25,1000,normal
2026-06-06 05:00:00,PHL-002,Philadelphia,56.92,29.78,1000,normal
2026-06-06 05:00:00,PHL-003,Philadelphia,67.61,32.07,1000,normal
2026-06-06 05:00:00,PHL-004,Philadelphia,55.62,30.04,1000,normal
2026-06-06 05:00:00,NYC-001,New York,78.28,29.58,1000,warning
2026-06-06 05:00:00,NYC-002,New York,52.62,22.81,1000,normal
2026-06-06 05:00:00,NYC-003,New York,76.86,35.41,1000,warning
2026-06-06 05:00:00,CHI-001,Chicago,48.6,21.78,1000,normal
2026-06-06 05:00:00,CHI-002,Chicago,61.01,35.52,1000,normal
2026-06-06 05:00:00,CHI-003,Chicago,78.4,44.63,1000,warning
2026-06-06 06:00:00,PHL-001,Philadelphia,53.67,29.48,1000,normal
2026-06-06 06:00:00,PHL-002,Philadelphia,60.87,22.46,1000,normal
2026-06-06 06:00:00,PHL-003,Philadelphia,74.21,30.82,1000,warning
2026-06-06 06:00:00,PHL-004,Philadelphia,60.44,25.0,1000,normal
2026-06-06 06:00:00,NYC-001,New York,79.61,47.65,1000,warning
2026-06-06 06:00:00,NYC-002,New York,56.2,29.41,1000,normal
2026-06-06 06:00:00,NYC-003,New York,78.16,38.74,1000,warning
2026-06-06 06:00:00,CHI-001,Chicago,48.75,27.04,1000,normal
2026-06-06 06:00:00,CHI-002,Chicago,66.29,25.18,1000,normal
2026-06-06 06:00:00,CHI-003,Chicago,83.7,40.84,1000,warning
2026-06-06 07:00:00,PHL-001,Philadelphia,50.99,30.97,1000,normal
2026-06-06 07:00:00,PHL-002,Philadelphia,61.53,21.55,1000,normal
2026-06-06 07:00:00,PHL-003,Philadelphia,76.75,31.52,1000,warning
2026-06-06 07:00:00,PHL-004,Philadelphia,62.51,24.35,1000,normal
2026-06-06 07:00:00,NYC-001,New York,81.9,32.57,1000,warning
2026-06-06 07:00:00,NYC-002,New York,60.96,26.35,1000,normal
2026-06-06 07:00:00,NYC-003,New York,79.05,33.61,1000,warning
2026-06-06 07:00:00,CHI-001,Chicago,48.97,30.42,1000,normal
2026-06-06 07:00:00,CHI-002,Chicago,66.99,31.41,1000,normal
2026-06-06 07:00:00,CHI-003,Chicago,80.83,45.25,1000,warning
2026-06-06 08:00:00,PHL-001,Philadelphia,51.87,28.35,1000,normal
2026-06-06 08:00:00,PHL-002,Philadelphia,63.63,22.29,1000,normal
2026-06-06 08:00:00,PHL-003,Philadelphia,73.86,28.79,1000,warning
2026-06-06 08:00:00,PHL-004,Philadelphia,58.81,32.58,1000,normal
2026-06-06 08:00:00,NYC-001,New York,78.06,43.61,1000,warning
2026-06-06 08:00:00,NYC-002,New York,60.04,38.81,1000,normal
2026-06-06 08:00:00,NYC-003,New York,76.72,29.89,1000,warning
2026-06-06 08:00:00,CHI-001,Chicago,46.57,21.65,1000,normal
2026-06-06 08:00:00,CHI-002,Chicago,70.38,26.8,1000,warning
2026-06-06 08:00:00,CHI-003,Chicago,80.88,49.68,1000,warning
2026-06-06 09:00:00,PHL-001,Philadelphia,51.1,29.74,1000,normal
2026-06-06 09:00:00,PHL-002,Philadelphia,64.03,24.97,1000,normal
2026-06-06 09:00:00,PHL-003,Philadelphia,76.96,30.23,1000,warning
2026-06-06 09:00:00,PHL-004,Philadelphia,61.24,21.59,1000,normal
2026-06-06 09:00:00,NYC-001,New York,81.9,39.48,1000,warning
2026-06-06 09:00:00,NYC-002,New York,59.28,31.92,1000,normal
2026-06-06 09:00:00,NYC-003,New York,74.01,35.04,1000,warning
2026-06-06 09:00:00,CHI-001,Chicago,51.49,31.31,1000,normal
2026-06-06 09:00:00,CHI-002,Chicago,66.52,25.29,1000,normal
2026-06-06 09:00:00,CHI-003,Chicago,83.51,44.0,1000,warning
2026-06-06 10:00:00,PHL-001,Philadelphia,53.07,33.91,1000,normal
2026-06-06 10:00:00,PHL-002,Philadelphia,60.52,23.72,1000,normal
2026-06-06 10:00:00,PHL-003,Philadelphia,72.66,27.27,1000,warning
2026-06-06 10:00:00,PHL-004,Philadelphia,61.43,32.56,1000,normal
2026-06-06 10:00:00,NYC-001,New York,81.65,47.66,1000,warning
2026-06-06 10:00:00,NYC-002,New York,59.02,35.67,1000,normal
2026-06-06 10:00:00,NYC-003,New York,79.08,34.83,1000,warning
2026-06-06 10:00:00,CHI-001,Chicago,50.14,25.21,1000,normal
2026-06-06 10:00:00,CHI-002,Chicago,70.49,30.92,1000,warning
2026-06-06 10:00:00,CHI-003,Chicago,79.33,49.13,1000,warning
2026-06-06 11:00:00,PHL-001,Philadelphia,57.64,28.73,1000,normal
2026-06-06 11:00:00,PHL-002,Philadelphia,58.9,29.44,1000,normal
2026-06-06 11:00:00,PHL-003,Philadelphia,74.56,37.91,1000,warning
2026-06-06 11:00:00,PHL-004,Philadelphia,64.82,41.88,1000,normal
2026-06-06 11:00:00,NYC-001,New York,83.6,32.57,1000,warning
2026-06-06 11:00:00,NYC-002,New York,60.39,31.43,1000,normal
2026-06-06 11:00:00,NYC-003,New York,76.15,42.25,1000,warning
2026-06-06 11:00:00,CHI-001,Chicago,52.1,33.15,1000,normal
2026-06-06 11:00:00,CHI-002,Chicago,70.62,25.07,1000,warning
2026-06-06 11:00:00,CHI-003,Chicago,79.41,34.04,1000,warning
2026-06-06 12:00:00,PHL-001,Philadelphia,54.32,20.0,1000,normal
2026-06-06 12:00:00,PHL-002,Philadelphia,68.31,34.29,1000,normal
2026-06-06 12:00:00,PHL-003,Philadelphia,78.77,39.41,1000,warning
2026-06-06 12:00:00,PHL-004,Philadelphia,64.32,36.05,1000,normal
2026-06-06 12:00:00,NYC-001,New York,82.49,42.15,1000,warning
2026-06-06 12:00:00,NYC-002,New York,62.43,27.05,1000,normal
2026-06-06 12:00:00,NYC-003,New York,79.6,40.07,1000,warning
2026-06-06 12:00:00,CHI-001,Chicago,51.63,30.59,1000,normal
2026-06-06 12:00:00,CHI-002,Chicago,73.22,34.21,1000,warning
2026-06-06 12:00:00,CHI-003,Chicago,86.81,52.12,1000,critical
2026-06-06 13:00:00,PHL-001,Philadelphia,59.45,21.99,1000,normal
2026-06-06 13:00:00,PHL-002,Philadelphia,67.59,38.46,1000,normal
2026-06-06 13:00:00,PHL-003,Philadelphia,80.08,29.42,1000,warning
2026-06-06 13:00:00,PHL-004,Philadelphia,61.69,29.63,1000,normal
2026-06-06 13:00:00,NYC-001,New York,84.72,45.13,1000,warning
2026-06-06 13:00:00,NYC-002,New York,59.97,34.33,1000,normal
2026-06-06 13:00:00,NYC-003,New York,83.91,32.38,1000,warning
2026-06-06 13:00:00,CHI-001,Chicago,55.66,31.19,1000,normal
2026-06-06 13:00:00,CHI-002,Chicago,70.98,45.14,1000,warning
2026-06-06 13:00:00,CHI-003,Chicago,86.14,50.38,1000,critical
2026-06-06 14:00:00,PHL-001,Philadelphia,59.77,23.91,1000,normal
2026-06-06 14:00:00,PHL-002,Philadelphia,63.02,36.82,1000,normal
2026-06-06 14:00:00,PHL-003,Philadelphia,76.61,47.19,1000,warning
2026-06-06 14:00:00,PHL-004,Philadelphia,67.17,24.1,1000,normal
2026-06-06 14:00:00,NYC-001,New York,86.84,37.48,1000,critical
2026-06-06 14:00:00,NYC-002,New York,58.01,32.7,1000,normal
2026-06-06 14:00:00,NYC-003,New York,82.27,30.7,1000,warning
2026-06-06 14:00:00,CHI-001,Chicago,53.64,24.57,1000,normal
2026-06-06 14:00:00,CHI-002,Chicago,73.0,37.96,1000,warning
2026-06-06 14:00:00,CHI-003,Chicago,85.21,36.35,1000,critical
2026-06-06 15:00:00,PHL-001,Philadelphia,54.82,28.63,1000,normal
2026-06-06 15:00:00,PHL-002,Philadelphia,67.78,28.37,1000,normal
2026-06-06 15:00:00,PHL-003,Philadelphia,78.05,28.35,1000,warning
2026-06-06 15:00:00,PHL-004,Philadelphia,67.9,28.75,1000,normal
2026-06-06 15:00:00,NYC-001,New York,84.83,39.44,1000,warning
2026-06-06 15:00:00,NYC-002,New York,58.7,36.94,1000,normal
2026-06-06 15:00:00,NYC-003,New York,85.07,43.88,1000,critical
2026-06-06 15:00:00,CHI-001,Chicago,57.31,32.79,1000,normal
2026-06-06 15:00:00,CHI-002,Chicago,72.52,32.38,1000,warning
2026-06-06 15:00:00,CHI-003,Chicago,85.5,48.4,1000,critical
2026-06-06 16:00:00,PHL-001,Philadelphia,56.17,20.97,1000,normal
2026-06-06 16:00:00,PHL-002,Philadelphia,64.98,32.53,1000,normal
2026-06-06 16:00:00,PHL-003,Philadelphia,80.41,32.47,1000,warning
2026-06-06 16:00:00,PHL-004,Philadelphia,67.43,43.45,1000,normal
2026-06-06 16:00:00,NYC-001,New York,87.72,32.52,1000,critical
2026-06-06 16:00:00,NYC-002,New York,61.22,26.61,1000,normal
2026-06-06 16:00:00,NYC-003,New York,84.95,38.07,1000,warning
2026-06-06 16:00:00,CHI-001,Chicago,54.42,19.18,1000,normal
2026-06-06 16:00:00,CHI-002,Chicago,71.2,36.96,1000,warning
2026-06-06 16:00:00,CHI-003,Chicago,84.82,45.53,1000,warning
2026-06-06 17:00:00,PHL-001,Philadelphia,57.71,30.44,1000,normal
2026-06-06 17:00:00,PHL-002,Philadelphia,65.95,38.37,1000,normal
2026-06-06 17:00:00,PHL-003,Philadelphia,76.17,47.24,1000,warning
2026-06-06 17:00:00,PHL-004,Philadelphia,67.08,28.41,1000,normal
2026-06-06 17:00:00,NYC-001,New York,82.04,38.81,1000,warning
2026-06-06 17:00:00,NYC-002,New York,59.36,26.95,1000,normal
2026-06-06 17:00:00,NYC-003,New York,84.9,52.06,1000,warning
2026-06-06 17:00:00,CHI-001,Chicago,57.61,20.19,1000,normal
2026-06-06 17:00:00,CHI-002,Chicago,73.94,44.71,1000,warning
2026-06-06 17:00:00,CHI-003,Chicago,87.36,33.3,1000,critical
2026-06-06 18:00:00,PHL-001,Philadelphia,67.24,28.34,1000,normal
2026-06-06 18:00:00,PHL-002,Philadelphia,74.94,27.58,1000,warning
2026-06-06 18:00:00,PHL-003,Philadelphia,89.98,50.7,1000,critical
2026-06-06 18:00:00,PHL-004,Philadelphia,70.74,44.31,1000,warning
2026-06-06 18:00:00,NYC-001,New York,96.38,48.76,1000,critical
2026-06-06 18:00:00,NYC-002,New York,72.11,33.3,1000,warning
2026-06-06 18:00:00,NYC-003,New York,95.25,35.76,1000,critical
2026-06-06 18:00:00,CHI-001,Chicago,59.76,23.31,1000,normal
2026-06-06 18:00:00,CHI-002,Chicago,83.92,31.26,1000,warning
2026-06-06 18:00:00,CHI-003,Chicago,95.41,45.84,1000,critical
2026-06-06 19:00:00,PHL-001,Philadelphia,70.71,29.77,1000,warning
2026-06-06 19:00:00,PHL-002,Philadelphia,73.09,32.49,1000,warning
2026-06-06 19:00:00,PHL-003,Philadelphia,88.8,49.75,1000,critical
2026-06-06 19:00:00,PHL-004,Philadelphia,75.88,33.8,1000,warning
2026-06-06 19:00:00,NYC-001,New York,92.63,34.5,1000,critical
2026-06-06 19:00:00,NYC-002,New York,68.12,39.78,1000,normal
2026-06-06 19:00:00,NYC-003,New York,91.35,36.23,1000,critical
2026-06-06 19:00:00,CHI-001,Chicago,60.31,29.54,1000,normal
2026-06-06 19:00:00,CHI-002,Chicago,81.44,41.6,1000,warning
2026-06-06 19:00:00,CHI-003,Chicago,97.79,40.32,1000,critical
2026-06-06 20:00:00,PHL-001,Philadelphia,65.47,28.12,1000,normal
2026-06-06 20:00:00,PHL-002,Philadelphia,71.96,28.59,1000,warning
2026-06-06 20:00:00,PHL-003,Philadelphia,88.12,52.69,1000,critical
2026-06-06 20:00:00,PHL-004,Philadelphia,75.58,27.37,1000,warning
2026-06-06 20:00:00,NYC-001,New York,96.02,43.05,1000,critical
2026-06-06 20:00:00,NYC-002,New York,67.23,28.54,1000,normal
2026-06-06 20:00:00,NYC-003,New York,89.06,44.89,1000,critical
2026-06-06 20:00:00,CHI-001,Chicago,64.42,27.57,1000,normal
2026-06-06 20:00:00,CHI-002,Chicago,84.94,30.52,1000,warning
2026-06-06 20:00:00,CHI-003,Chicago,94.43,45.86,1000,critical
2026-06-06 21:00:00,PHL-001,Philadelphia,68.98,29.31,1000,normal
2026-06-06 21:00:00,PHL-002,Philadelphia,74.7,44.16,1000,warning
2026-06-06 21:00:00,PHL-003,Philadelphia,84.84,30.0,1000,warning
2026-06-06 21:00:00,PHL-004,Philadelphia,76.64,49.42,1000,warning
2026-06-06 21:00:00,NYC-001,New York,91.78,54.8,1000,critical
2026-06-06 21:00:00,NYC-002,New York,69.48,37.46,1000,normal
2026-06-06 21:00:00,NYC-003,New York,91.95,48.25,1000,critical
2026-06-06 21:00:00,CHI-001,Chicago,61.07,36.26,1000,normal
2026-06-06 21:00:00,CHI-002,Chicago,79.13,29.23,1000,warning
2026-06-06 21:00:00,CHI-003,Chicago,97.41,47.05,1000,critical
2026-06-06 22:00:00,PHL-001,Philadelphia,64.03,39.8,1000,normal
2026-06-06 22:00:00,PHL-002,Philadelphia,77.63,34.89,1000,warning
2026-06-06 22:00:00,PHL-003,Philadelphia,84.26,41.14,1000,warning
2026-06-06 22:00:00,PHL-004,Philadelphia,71.34,37.25,1000,warning
2026-06-06 22:00:00,NYC-001,New York,95.93,44.94,1000,critical
2026-06-06 22:00:00,NYC-002,New York,66.74,37.04,1000,normal
2026-06-06 22:00:00,NYC-003,New York,87.23,36.15,1000,critical
2026-06-06 22:00:00,CHI-001,Chicago,60.5,26.25,1000,normal
2026-06-06 22:00:00,CHI-002,Chicago,84.3,30.38,1000,warning
2026-06-06 22:00:00,CHI-003,Chicago,95.72,40.56,1000,critical
2026-06-06 23:00:00,PHL-001,Philadelphia,47.36,22.43,1000,normal
2026-06-06 23:00:00,PHL-002,Philadelphia,57.41,21.14,1000,normal
2026-06-06 23:00:00,PHL-003,Philadelphia,67.68,26.47,1000,normal
2026-06-06 23:00:00,PHL-004,Philadelphia,53.6,32.99,1000,normal
2026-06-06 23:00:00,NYC-001,New York,76.15,41.06,1000,warning
2026-06-06 23:00:00,NYC-002,New York,54.92,32.32,1000,normal
2026-06-06 23:00:00,NYC-003,New York,77.39,45.24,1000,warning
2026-06-06 23:00:00,CHI-001,Chicago,43.87,22.52,1000,normal
2026-06-06 23:00:00,CHI-002,Chicago,63.91,39.87,1000,normal
2026-06-06 23:00:00,CHI-003,Chicago,77.01,35.93,1000,warning
2026-06-07 00:00:00,PHL-001,Philadelphia,46.64,20.79,1000,normal
2026-06-07 00:00:00,PHL-002,Philadelphia,55.75,34.49,1000,normal
2026-06-07 00:00:00,PHL-003,Philadelphia,73.07,26.86,1000,warning
2026-06-07 00:00:00,PHL-004,Philadelphia,59.13,30.09,1000,normal
2026-06-07 00:00:00,NYC-001,New York,80.4,52.25,1000,warning
2026-06-07 00:00:00,NYC-002,New York,56.79,21.58,1000,normal
2026-06-07 00:00:00,NYC-003,New York,74.77,32.15,1000,warning
2026-06-07 00:00:00,CHI-001,Chicago,47.53,29.71,1000,normal
2026-06-07 00:00:00,CHI-002,Chicago,63.14,40.97,1000,normal
2026-06-07 00:00:00,CHI-003,Chicago,77.52,46.82,1000,warning
2026-06-07 01:00:00,PHL-001,Philadelphia,51.58,23.54,1000,normal
2026-06-07 01:00:00,PHL-002,Philadelphia,60.71,36.64,1000,normal
2026-06-07 01:00:00,PHL-003,Philadelphia,69.46,36.66,1000,normal
2026-06-07 01:00:00,PHL-004,Philadelphia,57.65,32.24,1000,normal
2026-06-07 01:00:00,NYC-001,New York,81.28,29.14,1000,warning
2026-06-07 01:00:00,NYC-002,New York,54.6,34.63,1000,normal
2026-06-07 01:00:00,NYC-003,New York,73.84,38.32,1000,warning
2026-06-07 01:00:00,CHI-001,Chicago,42.51,27.48,1000,normal
2026-06-07 01:00:00,CHI-002,Chicago,68.09,33.89,1000,normal
2026-06-07 01:00:00,CHI-003,Chicago,78.05,38.8,1000,warning
2026-06-07 02:00:00,PHL-001,Philadelphia,45.92,19.28,1000,normal
2026-06-07 02:00:00,PHL-002,Philadelphia,55.75,28.32,1000,normal
2026-06-07 02:00:00,PHL-003,Philadelphia,68.4,42.78,1000,normal
2026-06-07 02:00:00,PHL-004,Philadelphia,52.81,20.55,1000,normal
2026-06-07 02:00:00,NYC-001,New York,80.1,50.11,1000,warning
2026-06-07 02:00:00,NYC-002,New York,55.75,24.92,1000,normal
2026-06-07 02:00:00,NYC-003,New York,68.42,35.99,1000,normal
2026-06-07 02:00:00,CHI-001,Chicago,48.34,28.15,1000,normal
2026-06-07 02:00:00,CHI-002,Chicago,67.88,41.28,1000,normal
2026-06-07 02:00:00,CHI-003,Chicago,81.96,37.87,1000,warning
2026-06-07 03:00:00,PHL-001,Philadelphia,52.74,24.72,1000,normal
2026-06-07 03:00:00,PHL-002,Philadelphia,54.81,24.15,1000,normal
2026-06-07 03:00:00,PHL-003,Philadelphia,69.22,27.5,1000,normal
2026-06-07 03:00:00,PHL-004,Philadelphia,58.79,34.54,1000,normal
2026-06-07 03:00:00,NYC-001,New York,81.56,44.43,1000,warning
2026-06-07 03:00:00,NYC-002,New York,50.39,32.28,1000,normal
2026-06-07 03:00:00,NYC-003,New York,75.14,47.24,1000,warning
2026-06-07 03:00:00,CHI-001,Chicago,47.3,19.72,1000,normal
2026-06-07 03:00:00,CHI-002,Chicago,66.33,26.7,1000,normal
2026-06-07 03:00:00,CHI-003,Chicago,78.04,43.43,1000,warning
2026-06-07 04:00:00,PHL-001,Philadelphia,46.22,26.28,1000,normal
2026-06-07 04:00:00,PHL-002,Philadelphia,61.59,39.09,1000,normal
2026-06-07 04:00:00,PHL-003,Philadelphia,70.75,45.87,1000,warning
2026-06-07 04:00:00,PHL-004,Philadelphia,58.92,21.19,1000,normal
2026-06-07 04:00:00,NYC-001,New York,79.41,49.74,1000,warning
2026-06-07 04:00:00,NYC-002,New York,56.74,23.62,1000,normal
2026-06-07 04:00:00,NYC-003,New York,73.86,46.61,1000,warning
2026-06-07 04:00:00,CHI-001,Chicago,42.13,24.17,1000,normal
2026-06-07 04:00:00,CHI-002,Chicago,64.23,41.41,1000,normal
2026-06-07 04:00:00,CHI-003,Chicago,77.21,47.53,1000,warning
2026-06-07 05:00:00,PHL-001,Philadelphia,45.91,25.83,1000,normal
2026-06-07 05:00:00,PHL-002,Philadelphia,59.11,36.41,1000,normal
2026-06-07 05:00:00,PHL-003,Philadelphia,71.08,30.53,1000,warning
2026-06-07 05:00:00,PHL-004,Philadelphia,53.2,19.7,1000,normal
2026-06-07 05:00:00,NYC-001,New York,77.34,29.58,1000,warning
2026-06-07 05:00:00,NYC-002,New York,49.01,22.83,1000,normal
2026-06-07 05:00:00,NYC-003,New York,75.53,48.39,1000,warning
2026-06-07 05:00:00,CHI-001,Chicago,48.08,23.94,1000,normal
2026-06-07 05:00:00,CHI-002,Chicago,65.07,33.43,1000,normal
2026-06-07 05:00:00,CHI-003,Chicago,76.81,37.93,1000,warning
2026-06-07 06:00:00,PHL-001,Philadelphia,57.11,31.14,1000,normal
2026-06-07 06:00:00,PHL-002,Philadelphia,64.5,25.72,1000,normal
2026-06-07 06:00:00,PHL-003,Philadelphia,73.84,44.58,1000,warning
2026-06-07 06:00:00,PHL-004,Philadelphia,58.56,26.1,1000,normal
2026-06-07 06:00:00,NYC-001,New York,86.51,32.2,1000,critical
2026-06-07 06:00:00,NYC-002,New York,55.36,25.61,1000,normal
2026-06-07 06:00:00,NYC-003,New York,80.52,41.4,1000,warning
2026-06-07 06:00:00,CHI-001,Chicago,53.18,20.1,1000,normal
2026-06-07 06:00:00,CHI-002,Chicago,71.36,38.11,1000,warning
2026-06-07 06:00:00,CHI-003,Chicago,84.1,30.22,1000,warning
2026-06-07 07:00:00,PHL-001,Philadelphia,57.74,23.07,1000,normal
2026-06-07 07:00:00,PHL-002,Philadelphia,66.12,26.26,1000,normal
2026-06-07 07:00:00,PHL-003,Philadelphia,74.01,30.47,1000,warning
2026-06-07 07:00:00,PHL-004,Philadelphia,57.72,32.27,1000,normal
2026-06-07 07:00:00,NYC-001,New York,85.13,48.44,1000,critical
2026-06-07 07:00:00,NYC-002,New York,56.12,24.38,1000,normal
2026-06-07 07:00:00,NYC-003,New York,75.58,27.58,1000,warning
2026-06-07 07:00:00,CHI-001,Chicago,50.57,30.44,1000,normal
2026-06-07 07:00:00,CHI-002,Chicago,68.72,31.49,1000,normal
2026-06-07 07:00:00,CHI-003,Chicago,83.77,36.72,1000,warning
2026-06-07 08:00:00,PHL-001,Philadelphia,55.5,29.42,1000,normal
2026-06-07 08:00:00,PHL-002,Philadelphia,60.6,21.68,1000,normal
2026-06-07 08:00:00,PHL-003,Philadelphia,74.42,32.56,1000,warning
2026-06-07 08:00:00,PHL-004,Philadelphia,56.86,34.29,1000,normal
2026-06-07 08:00:00,NYC-001,New York,82.65,38.78,1000,warning
2026-06-07 08:00:00,NYC-002,New York,57.91,31.75,1000,normal
2026-06-07 08:00:00,NYC-003,New York,74.11,38.04,1000,warning
2026-06-07 08:00:00,CHI-001,Chicago,47.48,29.23,1000,normal
2026-06-07 08:00:00,CHI-002,Chicago,70.02,33.87,1000,warning
2026-06-07 08:00:00,CHI-003,Chicago,82.78,40.52,1000,warning
2026-06-07 09:00:00,PHL-001,Philadelphia,52.01,22.39,1000,normal
2026-06-07 09:00:00,PHL-002,Philadelphia,59.49,34.25,1000,normal
2026-06-07 09:00:00,PHL-003,Philadelphia,77.4,29.08,1000,warning
2026-06-07 09:00:00,PHL-004,Philadelphia,58.95,30.21,1000,normal
2026-06-07 09:00:00,NYC-001,New York,86.62,45.64,1000,critical
2026-06-07 09:00:00,NYC-002,New York,58.43,35.19,1000,normal
2026-06-07 09:00:00,NYC-003,New York,81.38,38.7,1000,warning
2026-06-07 09:00:00,CHI-001,Chicago,50.28,30.67,1000,normal
2026-06-07 09:00:00,CHI-002,Chicago,70.65,43.41,1000,warning
2026-06-07 09:00:00,CHI-003,Chicago,84.06,31.41,1000,warning
2026-06-07 10:00:00,PHL-001,Philadelphia,57.42,32.4,1000,normal
2026-06-07 10:00:00,PHL-002,Philadelphia,63.02,39.08,1000,normal
2026-06-07 10:00:00,PHL-003,Philadelphia,78.2,43.26,1000,warning
2026-06-07 10:00:00,PHL-004,Philadelphia,61.16,23.61,1000,normal
2026-06-07 10:00:00,NYC-001,New York,85.34,34.3,1000,critical
2026-06-07 10:00:00,NYC-002,New York,61.87,39.7,1000,normal
2026-06-07 10:00:00,NYC-003,New York,81.28,31.52,1000,warning
2026-06-07 10:00:00,CHI-001,Chicago,49.39,31.93,1000,normal
2026-06-07 10:00:00,CHI-002,Chicago,70.41,45.71,1000,warning
2026-06-07 10:00:00,CHI-003,Chicago,84.96,51.0,1000,warning
2026-06-07 11:00:00,PHL-001,Philadelphia,52.26,32.57,1000,normal
2026-06-07 11:00:00,PHL-002,Philadelphia,66.31,24.54,1000,normal
2026-06-07 11:00:00,PHL-003,Philadelphia,75.73,35.53,1000,warning
2026-06-07 11:00:00,PHL-004,Philadelphia,58.81,25.46,1000,normal
2026-06-07 11:00:00,NYC-001,New York,83.55,51.14,1000,warning
2026-06-07 11:00:00,NYC-002,New York,60.29,32.37,1000,normal
2026-06-07 11:00:00,NYC-003,New York,78.43,37.32,1000,warning
2026-06-07 11:00:00,CHI-001,Chicago,49.32,19.45,1000,normal
2026-06-07 11:00:00,CHI-002,Chicago,71.33,41.19,1000,warning
2026-06-07 11:00:00,CHI-003,Chicago,86.84,54.49,1000,critical
2026-06-07 12:00:00,PHL-001,Philadelphia,58.7,22.32,1000,normal
2026-06-07 12:00:00,PHL-002,Philadelphia,65.29,33.34,1000,normal
2026-06-07 12:00:00,PHL-003,Philadelphia,79.46,37.61,1000,warning
2026-06-07 12:00:00,PHL-004,Philadelphia,63.26,31.36,1000,normal
2026-06-07 12:00:00,NYC-001,New York,88.45,31.95,1000,critical
2026-06-07 12:00:00,NYC-002,New York,60.2,23.67,1000,normal
2026-06-07 12:00:00,NYC-003,New York,83.29,46.48,1000,warning
2026-06-07 12:00:00,CHI-001,Chicago,50.31,31.03,1000,normal
2026-06-07 12:00:00,CHI-002,Chicago,73.79,31.09,1000,warning
2026-06-07 12:00:00,CHI-003,Chicago,89.67,56.16,1000,critical
2026-06-07 13:00:00,PHL-001,Philadelphia,61.38,21.86,1000,normal
2026-06-07 13:00:00,PHL-002,Philadelphia,69.54,30.66,1000,normal
2026-06-07 13:00:00,PHL-003,Philadelphia,79.08,39.34,1000,warning
2026-06-07 13:00:00,PHL-004,Philadelphia,65.77,24.96,1000,normal
2026-06-07 13:00:00,NYC-001,New York,90.01,35.13,1000,critical
2026-06-07 13:00:00,NYC-002,New York,65.79,31.77,1000,normal
2026-06-07 13:00:00,NYC-003,New York,85.46,36.82,1000,critical
2026-06-07 13:00:00,CHI-001,Chicago,53.33,28.99,1000,normal
2026-06-07 13:00:00,CHI-002,Chicago,72.93,30.15,1000,warning
2026-06-07 13:00:00,CHI-003,Chicago,90.14,51.59,1000,critical
2026-06-07 14:00:00,PHL-001,Philadelphia,60.28,36.78,1000,normal
2026-06-07 14:00:00,PHL-002,Philadelphia,69.57,35.1,1000,normal
2026-06-07 14:00:00,PHL-003,Philadelphia,78.35,34.74,1000,warning
2026-06-07 14:00:00,PHL-004,Philadelphia,64.25,25.1,1000,normal
2026-06-07 14:00:00,NYC-001,New York,89.91,55.19,1000,critical
2026-06-07 14:00:00,NYC-002,New York,58.23,23.75,1000,normal
2026-06-07 14:00:00,NYC-003,New York,85.53,51.41,1000,critical
2026-06-07 14:00:00,CHI-001,Chicago,52.0,25.32,1000,normal
2026-06-07 14:00:00,CHI-002,Chicago,77.31,43.4,1000,warning
2026-06-07 14:00:00,CHI-003,Chicago,86.84,51.85,1000,critical
2026-06-07 15:00:00,PHL-001,Philadelphia,58.24,31.49,1000,normal
2026-06-07 15:00:00,PHL-002,Philadelphia,63.99,22.98,1000,normal
2026-06-07 15:00:00,PHL-003,Philadelphia,79.63,42.06,1000,warning
2026-06-07 15:00:00,PHL-004,Philadelphia,61.62,37.66,1000,normal
2026-06-07 15:00:00,NYC-001,New York,88.32,40.18,1000,critical
2026-06-07 15:00:00,NYC-002,New York,59.31,36.67,1000,normal
2026-06-07 15:00:00,NYC-003,New York,84.69,47.14,1000,warning
2026-06-07 15:00:00,CHI-001,Chicago,52.28,24.36,1000,normal
2026-06-07 15:00:00,CHI-002,Chicago,72.78,37.97,1000,warning
2026-06-07 15:00:00,CHI-003,Chicago,90.99,55.24,1000,critical
2026-06-07 16:00:00,PHL-001,Philadelphia,59.38,32.86,1000,normal
2026-06-07 16:00:00,PHL-002,Philadelphia,65.15,30.81,1000,normal
2026-06-07 16:00:00,PHL-003,Philadelphia,77.52,45.28,1000,warning
2026-06-07 16:00:00,PHL-004,Philadelphia,66.34,23.4,1000,normal
2026-06-07 16:00:00,NYC-001,New York,90.27,49.13,1000,critical
2026-06-07 16:00:00,NYC-002,New York,62.81,22.14,1000,normal
2026-06-07 16:00:00,NYC-003,New York,79.72,47.16,1000,warning
2026-06-07 16:00:00,CHI-001,Chicago,52.44,33.57,1000,normal
2026-06-07 16:00:00,CHI-002,Chicago,75.66,36.1,1000,warning
2026-06-07 16:00:00,CHI-003,Chicago,87.46,39.76,1000,critical
2026-06-07 17:00:00,PHL-001,Philadelphia,56.22,27.55,1000,normal
2026-06-07 17:00:00,PHL-002,Philadelphia,68.42,40.87,1000,normal
2026-06-07 17:00:00,PHL-003,Philadelphia,79.78,30.37,1000,warning
2026-06-07 17:00:00,PHL-004,Philadelphia,64.29,35.28,1000,normal
2026-06-07 17:00:00,NYC-001,New York,89.86,41.54,1000,critical
2026-06-07 17:00:00,NYC-002,New York,63.18,33.66,1000,normal
2026-06-07 17:00:00,NYC-003,New York,80.18,30.66,1000,warning
2026-06-07 17:00:00,CHI-001,Chicago,50.51,32.66,1000,normal
2026-06-07 17:00:00,CHI-002,Chicago,75.64,46.02,1000,warning
2026-06-07 17:00:00,CHI-003,Chicago,86.77,48.88,1000,critical
2026-06-07 18:00:00,PHL-001,Philadelphia,70.34,30.92,1000,warning
2026-06-07 18:00:00,PHL-002,Philadelphia,73.2,42.43,1000,warning
2026-06-07 18:00:00,PHL-003,Philadelphia,91.8,54.31,1000,critical
2026-06-07 18:00:00,PHL-004,Philadelphia,75.62,40.08,1000,warning
2026-06-07 18:00:00,NYC-001,New York,97.76,54.18,1000,critical
2026-06-07 18:00:00,NYC-002,New York,72.77,39.78,1000,warning
2026-06-07 18:00:00,NYC-003,New York,96.17,41.14,1000,critical
2026-06-07 18:00:00,CHI-001,Chicago,62.35,29.09,1000,normal
2026-06-07 18:00:00,CHI-002,Chicago,81.01,45.56,1000,warning
2026-06-07 18:00:00,CHI-003,Chicago,97.63,39.73,1000,critical
2026-06-07 19:00:00,PHL-001,Philadelphia,69.01,28.76,1000,normal
2026-06-07 19:00:00,PHL-002,Philadelphia,76.28,44.66,1000,warning
2026-06-07 19:00:00,PHL-003,Philadelphia,91.84,50.66,1000,critical
2026-06-07 19:00:00,PHL-004,Philadelphia,73.26,44.22,1000,warning
2026-06-07 19:00:00,NYC-001,New York,98.84,60.58,1000,critical
2026-06-07 19:00:00,NYC-002,New York,68.45,25.96,1000,normal
2026-06-07 19:00:00,NYC-003,New York,87.48,37.41,1000,critical
2026-06-07 19:00:00,CHI-001,Chicago,65.47,37.9,1000,normal
2026-06-07 19:00:00,CHI-002,Chicago,81.9,45.37,1000,warning
2026-06-07 19:00:00,CHI-003,Chicago,96.21,36.25,1000,critical
2026-06-07 20:00:00,PHL-001,Philadelphia,66.04,37.86,1000,normal
2026-06-07 20:00:00,PHL-002,Philadelphia,74.46,43.67,1000,warning
2026-06-07 20:00:00,PHL-003,Philadelphia,88.39,37.85,1000,critical
2026-06-07 20:00:00,PHL-004,Philadelphia,71.55,43.31,1000,warning
2026-06-07 20:00:00,NYC-001,New York,96.62,58.93,1000,critical
2026-06-07 20:00:00,NYC-002,New York,71.67,45.39,1000,warning
2026-06-07 20:00:00,NYC-003,New York,86.91,53.61,1000,critical
2026-06-07 20:00:00,CHI-001,Chicago,63.0,38.45,1000,normal
2026-06-07 20:00:00,CHI-002,Chicago,83.09,36.52,1000,warning
2026-06-07 20:00:00,CHI-003,Chicago,94.52,57.3,1000,critical
2026-06-07 21:00:00,PHL-001,Philadelphia,64.3,26.37,1000,normal
2026-06-07 21:00:00,PHL-002,Philadelphia,75.27,39.2,1000,warning
2026-06-07 21:00:00,PHL-003,Philadelphia,91.84,44.75,1000,critical
2026-06-07 21:00:00,PHL-004,Philadelphia,71.73,40.51,1000,warning
2026-06-07 21:00:00,NYC-001,New York,98.47,48.87,1000,critical
2026-06-07 21:00:00,NYC-002,New York,72.05,29.04,1000,warning
2026-06-07 21:00:00,NYC-003,New York,92.54,32.52,1000,critical
2026-06-07 21:00:00,CHI-001,Chicago,61.19,35.39,1000,normal
2026-06-07 21:00:00,CHI-002,Chicago,81.81,47.4,1000,warning
2026-06-07 21:00:00,CHI-003,Chicago,97.14,56.25,1000,critical
2026-06-07 22:00:00,PHL-001,Philadelphia,63.9,34.14,1000,normal
2026-06-07 22:00:00,PHL-002,Philadelphia,77.07,36.3,1000,warning
2026-06-07 22:00:00,PHL-003,Philadelphia,92.19,42.87,1000,critical
2026-06-07 22:00:00,PHL-004,Philadelphia,69.5,28.48,1000,normal
2026-06-07 22:00:00,NYC-001,New York,96.04,34.02,1000,critical
2026-06-07 22:00:00,NYC-002,New York,69.58,41.75,1000,normal
2026-06-07 22:00:00,NYC-003,New York,88.11,48.73,1000,critical
2026-06-07 22:00:00,CHI-001,Chicago,64.01,27.18,1000,normal
2026-06-07 22:00:00,CHI-002,Chicago,84.96,38.51,1000,warning
2026-06-07 22:00:00,CHI-003,Chicago,94.97,44.17,1000,critical
2026-06-07 23:00:00,PHL-001,Philadelphia,49.91,19.97,1000,normal
2026-06-07 23:00:00,PHL-002,Philadelphia,60.59,26.63,1000,normal
2026-06-07 23:00:00,PHL-003,Philadelphia,70.14,39.86,1000,warning
2026-06-07 23:00:00,PHL-004,Philadelphia,55.97,25.26,1000,normal
2026-06-07 23:00:00,NYC-001,New York,81.13,52.62,1000,warning
2026-06-07 23:00:00,NYC-002,New York,51.74,32.1,1000,normal
2026-06-07 23:00:00,NYC-003,New York,71.79,29.18,1000,warning
2026-06-07 23:00:00,CHI-001,Chicago,48.58,30.38,1000,normal
2026-06-07 23:00:00,CHI-002,Chicago,65.22,27.3,1000,normal
2026-06-07 23:00:00,CHI-003,Chicago,80.56,31.37,1000,warning
